SMILES,activity
C[C@H]1[C@H]2[C@H](C[C@H]3[C@@H]4CC=C5C[C@@H](O)CC[C@]5(C)[C@H]4CC[C@]23C)O[C@]11CC[C@@H](C)CO1,0.09673294723033905
OC(CCN1CCCCC1)(C1CCCCC1)c1ccccc1,0.06632195711135865
CN1CCCCC1C(=O)Nc1c(C)cccc1C,0.09797990173101426
C[C@@H]1CC[C@@]2(CC[C@]3(C)C(=CC[C@@H]4[C@@]5(C)CC[C@H](O)C(C)(C)[C@@H]5CC[C@@]34C)[C@@H]2[C@H]1C)C(O)=O,0.17081639170646667
C[N+]1(CC2CC2)[C@H]2C[C@@H](C[C@@H]1[C@H]1O[C@@H]21)OC(=O)[C@H](CO)c1ccccc1,0.0967242330312729
CC1(C)CC[C@@]2(CC[C@]3(C)C(=CC[C@@H]4[C@@]5(C)CC[C@H](O)C(C)(C)[C@@H]5CC[C@@]34C)[C@@H]2C1)C(O)=O,0.186106938123703
CCC(=O)c1ccc(OCC(O)CN2CCN(CC2)c2ccccc2)cc1,0.23728995025157928
OC(=O)c1ccc(OCCn2ccnc2)cc1,0.25414587259292604
CCCCCCCCCCCCCCCCCCOP(O)(=O)OC1CC[N+](C)(C)CC1,0.09044458419084549
N[C@]1(CS(=O)(=O)[C@H]2[C@@H]([C@@H]12)C(O)=O)C(O)=O,0.10445762425661087
C[C@]12CC(=O)[C@H]3[C@@H](CCC4=CC(=O)C=C[C@]34C)[C@@H]1CC[C@]2(O)C(=O)CO,0.14826976358890534
CN1CCN(CC1)C1=Nc2ccccc2Sc2ccc(Cl)cc12,0.4184445023536682
CCN(CC)CCOc1ccc2-c3ccc(OCCN(CC)CC)cc3C(=O)c2c1,0.2787312984466553
C[C@H](N[C@@H](CCc1ccccc1)C(O)=O)C(=O)N1CCC[C@H]1C(O)=O,0.1332656815648079
CC[N+](CC)(CC)CCOc1ccc(\C=C\c2ccccc2)cc1,0.1788746237754822
CCCC1C(=O)N2N(C1=O)c1cc(C)ccc1N=C2N(C)C,0.3977213203907013
CC(C)NCC(O)c1ccc2ccccc2c1,0.21120144724845885
CC1(NCCc2cc(O)c(O)cc12)C(O)=O,0.2027166247367859
C[C@H]1C[C@H]2[C@@H]3CC[C@](O)(C(=O)CO)[C@@]3(C)C[C@H](O)[C@@H]2[C@@]2(C)C=CC(=O)C=C12,0.1336959108710289
C[C@@H]1N=C(N)NC(=N1)N(C)C,0.10509119257330894
CC(C)=CCC[C@](C)(O)[C@H]1CC[C@]2(C)[C@@H]1[C@H](O)C[C@@H]1[C@@]3(C)CC[C@H](O)C(C)(C)[C@@H]3CC[C@@]21C,0.1552419200539589
COc1cc2ncnc(Nc3ccc(Oc4ccccc4)cc3)c2cc1OC,0.4982001006603241
Clc1cccc2c(cccc12)S(=O)(=O)NCCCCCCc1ccccc1,0.4937970399856567
C(c1c[nH]c2ccccc12)c1c[nH]c2ccccc12,0.47322094440460205
Clc1ccc(OCCCCCCN\C(NC#N)=N\c2ccncc2)cc1,0.12544266134500504
N(Cc1ccccc1)c1ncnc2nc[nH]c12,0.20091690719127656
C[C@@H](O)[C@H](N)C(O)=O,0.1461711496114731
NCC(=O)CCC(=O)OCc1ccccc1,0.19124289155006408
Oc1ccc2C[C@H]3N(CC=C)CC[C@@]45[C@@H](Oc1c24)C(=O)CC[C@@]35O,0.0790948137640953
COCCN1CCN(Cc2ccc(cc2)-c2n[nH]c3-c4cccc(NC(=O)NN5CCOCC5)c4C(=O)c23)CC1,0.5777807533740997
COC(=O)[C@]12CCC(C)(C)C[C@H]1[C@H]1C(=O)C=C3[C@@]4(C)C=C(C#N)C(=O)C(C)(C)[C@@H]4CC[C@@]3(C)[C@]1(C)CC2,0.3117029905319214
COc1ccc(cc1)-c1csc(NC(=O)[C@H]2CCCCN2S(=O)(=O)c2ccc(C)cc2)n1,0.37591946721076963
O=C1C(C(=O)c2ccccc12)c1ccccc1,0.6950132608413696
CC(/C=C/C1=C(C)CCCC1(C)C)=C\C=C\C(C)=C\C(=O)Nc1ccc(O)cc1,0.3842887878417969
Oc1cc(O)c2C(=O)C[C@H](Oc2c1)c1ccccc1,0.47472163438797
NCCCC(N)C(O)=O,0.1134456142783165
Cc1cc(OCCN2CCOCC2)nn1-c1ccc2ccccc2c1,0.2579225540161133
C[C@]1(O)CC[C@H]2[C@@H]3CC[C@H]4Cc5[nH]ncc5C[C@]4(C)[C@H]3CC[C@]12C,0.1323924645781517
Oc1ccc(O)c(c1)S(O)(=O)=O,0.3022681713104248
Nc1ccc(cc1)S(=O)(=O)Nc1ncccn1,0.33292275071144106
C[C@@H](CNS(=O)(=O)C(C)C)c1ccc(NC(=O)c2cc(F)cc(F)c2)cc1,0.37608922123908994
NCC(=O)CCC(O)=O,0.15743352323770524
COc1ccc(C[C@H](C)NC[C@@H](O)c2ccc(O)c(NC=O)c2)cc1,0.1906026929616928
Brc1ccc(\C=C\CNCCNS(=O)(=O)c2cccc3cnccc23)cc1,0.46857585310935973
Ic1ccc(cc1)C(=O)NC1CCN(Cc2ccccc2)CC1,0.22509592175483703
COc1cc(ccc1S(=O)(=O)Nc1ccc2n(C)c(=O)c(C)cc2c1)C#N,0.4433512032032013
CC(=O)CC(c1ccccc1)c1c(O)c2ccccc2oc1=O,0.5283819615840912
CC(=C)[C@@H]1CC[C@@]2(CC[C@]3(C)[C@H](CC[C@@H]4[C@@]5(C)CC[C@H](O)C(C)(C)[C@@H]5CC[C@@]34C)[C@@H]12)C(O)=O,0.14848769903182985
C[C@]12CCC3C(CCc4cc(O)ccc34)C1CC[C@@H]2OC(=O)CCC1CCCC1,0.17393471002578736
CNCCCC1c2ccccc2C=Cc2ccccc12,0.3254796743392944
CC(=O)NS(=O)(=O)c1ccc(NC(=O)c2ccccc2C(O)=O)cc1,0.6619432926177978
CCc1cccc(CC)c1NC(=O)CN(CC(O)=O)CC(O)=O,0.298253470659256
C[C@]12CC(=O)C3C(CCC4=CC(=O)CC[C@]34C)C1CC[C@]2(O)C(=O)CO,0.12554409950971604
C1CCN(CC1)C1(CCCCC1)c1cc2ccccc2s1,0.17876662611961364
COc1ccc(cc1O)[C@@H]1CC(=O)c2c(O)cc(O)cc2O1,0.4477939307689667
CCNCC(O)c1cccc(O)c1,0.09942657351493836
C[C@]12CC(=O)[C@H]3[C@@H](CCC4=CC(=O)CC[C@]34C)[C@@H]1CC[C@]2(O)C(=O)CO,0.11162137091159821
CC(C)(C)NC[C@H](O)c1ccc(O)c(CO)c1,0.11833361089229584
CC(C)OC(=O)CNC(=O)[C@H](CS)NC(=O)CC[C@H](N)C(O)=O,0.2119770273566246
Cc1ccc(cc1)S(=O)(=O)Nc1nc2ccccc2nc1Nc1ccc2nsnc2c1,0.6566642642021179
NC(=O)CN1CC(CC1=O)c1ccccc1,0.19142841100692748
CC12CC3CC(C)(C1)CC(N)(C3)C2,0.12075259685516357
COc1ccc(\C=C\C(=O)Nc2ccccc2C(O)=O)cc1OC,0.5620880961418152
Clc1cccc(c1)C(c1ccc2nc[nH]c2c1)n1ccnc1,0.5471156656742096
COc1ccc(\C=C\CCCCOc2ccc(cc2CCC(O)=O)C(=O)c2cccc(c2)C(O)=O)cc1,0.6570194005966187
CC(C)(C)NC[C@H](O)COc1ccccc1C1CCCC1,0.09219556897878647
OC(=O)CCC(=O)Nc1ccc(cc1)S(=O)(=O)Nc1nccs1,0.40513246059417723
CC1(C)[C@@H]2CC[C@@]1(C)[C@H](O)[C@@H]2O,0.07977311313152313
OC(=O)CCCCC1CCSS1,0.09836020916700364
C[C@H]1CCC[C@]2(C)C[C@H]3OC(=O)C(=C)[C@H]3C=C12,0.12051058262586593
FC(F)(F)c1ccc(cc1S(=O)(=O)NC1CCNCC1)S(=O)(=O)c1ccccc1,0.45321333408355713
COc1ccc(cc1OC)S(=O)(=O)N1CCCN(CC1)S(=O)(=O)c1ccc(OC)c(OC)c1,0.27880156338214873
CCNC(=O)CCC(N)C(O)=O,0.10870996043086052
CC(C)NC[C@H](O)COc1ccc(CC(N)=O)cc1,0.1199292078614235
CC(C)(C)NC[C@H](O)COc1cccc2C(=O)CCCc12,0.12476966381072999
Oc1cccc(Nc2ccc(Nc3cccc(O)c3)nn2)c1,0.3743924140930176
CCCOc1ccc2[C@H]3CC[C@]4(C)[C@H](CC[C@H]4[C@@H]3CCc2c1)OC,0.12805298566818238
COc1cc2c(cc1O)occ(-c1ccc(O)cc1)c2=O,0.3942388236522675
CN([C@H](CN1CCCC1)c1ccccc1)C(=O)Cc1ccccc1,0.18388703167438508
COc1ccc(cc1)S(=O)(=O)Nc1cccnc1Nc1ccc(O)cc1,0.41113001108169556
CC1(C)[C@H]2CC[C@]1(C)[C@@H](O)[C@H]2O,0.06808185428380967
CC(C)(C)NCC(O)c1ccc(O)c(CO)c1,0.1184314951300621
CCOc1ccccc1C(O)=O,0.3212797105312347
CC(C)NC[C@@H](O)COc1ccc(CC(N)=O)cc1,0.1174799621105194
C[C@]12CC[C@H]3[C@@H](CCc4cc(O)ccc34)[C@@H]1C[C@@H](O)[C@@H]2O,0.08878087699413299
CC(C)(C)NC[C@@H](O)COc1cccc2C(=O)CCCc12,0.12252906262874604
CC(C)c1cccc(C(C)C)c1O,0.1753023862838745
C[N+]1([O-])C2CCC1CC(C2)OC(=O)C(CO)c1ccccc1,0.12764823585748672
CCCN1C[C@H](CSC)C[C@H]2[C@H]1Cc1c[nH]c3cccc2c13,0.12842222005128862
Cc1cccc(NC(=O)N[C@@H]2N=C(c3ccccc3)c3ccccc3N(CC(=O)c3ccccc3C)C2=O)c1,0.8291607141494751
CC(C)(O)c1coc(c1)S(=O)(=O)NC(=O)Nc1c2CCCc2cc2CCCc12,0.41097567677497865
CN1CC[C@]2(C)[C@H]1N(C)c1ccc(OC(=O)Nc3ccccc3)cc21,0.33604177832603455
FCOC(C(F)(F)F)C(F)(F)F,0.3328429669141769
C[C@H](N)Cc1c[nH]cn1,0.13178509324789048
CC(C)C(C)\C=C\C(C)C1CCC2C1(C)CCC\C2=C/C=C1\CC(O)CCC1C,0.15371018052101135
CCN(CC)CCOC(=O)C1(CCCC1)c1ccccc1,0.12168301492929459
O=c1ccc2c(OCCCCOc3ccccc3)c3ccoc3cc2o1,0.4187626838684082
N[C@@H](CS(O)=O)C(O)=O,0.13849659264087677
CC(CCC(O)=O)[C@H]1CCC2C3C(CC(=O)[C@]12C)[C@@]1(C)CCC(=O)C[C@H]1CC3=O,0.18582480549812316
CS(=O)(=O)Nc1ccc(cc1Oc1ccccc1)[N+]([O-])=O,0.3754794061183929
CC(C)(C)NCC(O)COc1cccc2C(=O)CCCc12,0.12439956665039062
CC(C)NCC(O)COc1ccc(CC(N)=O)cc1,0.1194661483168602
C[C@@H](N)Cc1c[nH]cn1,0.12797277718782424
OC(=O)CNC(=O)c1ccccc1I,0.37369256615638735
C[C@]12C[C@H](O)C3C(CCC4=CC(=O)C=C[C@]34C)C1CC[C@]2(O)C(=O)CO,0.142955881357193
OC(COc1cccc2[nH]c(cc12)C#N)CN1CCN(CC1)C(c1ccccc1)c1ccccc1,0.5036337077617645
Cc1ccc2c(oc3c(CC(O)=O)cccc3c2=O)c1C,0.48811579346656797
COc1cnc(NS(=O)(=O)c2ccc(N)cc2)nc1,0.2748875170946121
C[C@@]12[C@H]3[C@H](C(O)=O)[C@@]45CC(=C)[C@@](O)(C4)CC[C@H]5[C@]3(OC1=O)C=C[C@@H]2O,0.09914335608482361
C[C@H](CCC(O)=O)[C@H]1CCC2C3C(CC(=O)[C@]12C)[C@@]1(C)CCC(=O)CC1CC3=O,0.19225090444087983
CN1CCC[C@@H]1Cc1c[nH]c2ccc(CCS(=O)(=O)c3ccccc3)cc12,0.2623640954494476
C[C@]12C[C@H](O)[C@H]3[C@@H](CCC4=CC(=O)CC[C@]34C)[C@@H]1CC[C@]2(O)C(=O)CO,0.096059051156044
O=C(Nc1nc2ccccc2n1CCc1ccccc1)c1ccccc1,0.4990231692790985
COC(=O)C(N)Cc1ccc(O)c(O)c1,0.19401054084300995
N[C@]1(CC[C@H]2[C@@H]([C@@H]12)C(O)=O)C(O)=O,0.10802183002233505
CO[C@@H]1[C@@H](CC[C@]2(CO2)C1[C@@]1(C)O[C@@H]1CC=C(C)C)OC(=O)\C=C\C=C\C=C\C=C\C(O)=O,0.23810312449932097
CNC(=O)c1cc2c(cn1)[nH]c1ccccc21,0.3489235877990723
CCN(CC)CCOc1ccccc1C(=O)CCc1ccccc1,0.1831930845975876
CC(=O)OC1CN2CCC1CC2,0.08727871626615524
COc1ccc(Cn2ccc3ccc(cc23)C(=O)NO)cc1,0.4118450045585632
O=C(Nc1ccc(cc1)S(=O)(=O)Nc1nccs1)C(c1ccccc1)c1ccccc1,0.8207779645919799
C[C@@H]1CC[C@]2(C)CC[C@]3(C)C(=CC(=O)C4[C@@]5(C)CC[C@@H](OC(C)=O)[C@@](C)(C5CC[C@@]34C)C(O)=O)[C@@H]2[C@H]1C,0.28273321092128756
Cc1[nH]c2ccccc2c1CCNC(=O)c1cccs1,0.4061736762523651
C[C@H]1CC2C3CCC4=CC(=O)C=C[C@]4(C)[C@@]3(F)[C@@H](O)C[C@]2(C)[C@@]1(O)C(=O)COP(O)(O)=O,0.26948403418064115
COc1[nH]c2ccc(F)cc2c1C(=O)OCC1CCN(CCNS(C)(=O)=O)CC1,0.16703534722328187
Oc1ccc(cc1)S(O)(=O)=O,0.2879997730255127
CCCCC\C=C/C\C=C/C\C=C/C\C=C/CCCC(=O)Nc1ccc(O)cc1,0.1956905871629715
CC(O)(CC[C@H]1[C@](C)(O)CCC2C(C)(C)CCC[C@]12C)C=C,0.1272779792547226
CC1(CN2CCC(CC2)n2c3ccccc3[nH]c2=O)OCc2ccccc2-n2cccc12,0.36398476362228394
CCN(CC)CCOC(=O)C(c1ccccc1)c1ccccc1,0.27878540456295015
Cc1cccc(CCN2CCC(CC2)C(=O)c2ccc(NS(C)(=O)=O)cc2)n1,0.15195363461971284
O=C1NC(=O)c2c1c1c3ccccc3[nH]c1c1[nH]c3ccccc3c21,0.6948579788208008
Cc1cccc(C(O)=O)c1O,0.3594528615474701
C[C@@H](CN1CCC(Cc2ccccc2)CC1)[C@@H](O)c1ccc(O)cc1,0.0798203706741333
CN1c2ccc(Cl)cc2C(=NCC1=O)c1ccccc1,0.5972251415252685
Cc1cn[nH]c1,0.19523440003395082
CCNC1=N[C@H]2[C@H](O[C@H](CO)[C@@H](O)[C@@H]2O)S1,0.08679837435483932
C[C@@H]1CC[C@]2(C)CC[C@]3(C)C(=CC(=O)[C@@H]4[C@@]5(C)CC[C@@H](OC(C)=O)[C@@](C)([C@@H]5CC[C@@]34C)C(O)=O)[C@@H]2[C@H]1C,0.2805132299661636
O[C@@H]1C[C@@](C[C@@H](OC(=O)\C=C\c2ccc(O)c(O)c2)[C@@H]1O)(OC(=O)\C=C\c1ccc(O)c(O)c1)C(O)=O,0.48903012871742246
Cc1ccc(cc1)-c1cc(nn1-c1ccc(cc1)S(N)(=O)=O)C(F)(F)F,0.6576357483863831
CC(O)([C@@H](CC(O)=O)C(O)=O)C(O)=O.CC(O)([C@H](CC(O)=O)C(O)=O)C(O)=O,0.2127143919467926
CN(C)c1ccc(cc1)\C=C1/C(=O)Nc2ccccc12,0.5788183450698853
Oc1ccc(cc1)-c1coc2cc(O)cc(O)c2c1=O,0.501381915807724
COc1ccc2nc(NC(=O)Nc3ccccc3)sc2c1,0.3673430740833282
CN1CCN(CC1)C1=Nc2ccccc2Nc2sc(C)cc12,0.357585608959198
C\C(=C/c1ccc(cc1)C(O)=O)c1ccc2c(c1)C(C)(C)CCC2(C)C,0.6063796401023864
CC(N)Cc1cccc(O)c1,0.17534829676151276
C=CCSS(=O)CC=C,0.14248726665973663
CC1=C(C=O)C(C)(C)CC=C1,0.20675956904888154
O=C(\C=C\c1cccnc1)c1ccncc1,0.3639276385307312
Cc1cnc(Nc2ccc(OCCN3CCCC3)cc2)nc1Nc1cccc(c1)S(=O)(=O)NC(C)(C)C,0.328181779384613
NS(=O)(=O)c1cc(ccc1Cl)C1(O)NC(=O)c2ccccc12,0.5907784938812256
COc1ccc(cc1)C1Oc2c(CC=C(C)C)c(O)cc(O)c2C(=O)C1=O,0.5357331812381745
Clc1ccc(cc1)C(=O)NCCN1CCOCC1,0.18148657977581023
N[C@@H](CCC(O)=O)C(O)=O,0.1506803497672081
Nc1ccc(C(=O)Oc2ccccc2)c(O)c1,0.5383818507194519
C[C@@]12[C@H](CC[C@]1(O)[C@@H]1CC[C@@H]3C[C@@H](O)CC[C@]3(C)[C@H]1C[C@H]2O)C1=CC(=O)OC1,0.0690215490758419
Cc1cccc(Nc2ccccc2C(O)=O)c1C,0.4556828498840332
CC(Oc1ccc(O)cc1)(P(O)(O)=O)P(O)(O)=O,0.2178674668073654
Cn1cc(CCn2cnc(-c3cnn(C)c3)c2-c2ccc(cc2)C#N)cn1,0.2827808976173401
O=c1cc(oc2c3ccccc3ccc12)N1CCOCC1,0.3360969066619873
Clc1ccc(cc1)C(=O)NCCCN1CCOCC1,0.15777360945940017
CC(C)(C(O)=O)c1ccc(cc1)C(O)CCCN1CCC(CC1)C(O)(c1ccccc1)c1ccccc1,0.2955040454864502
CC(C)=CCC\C(C)=C\CC\C(C)=C\CC\C(C)=C\CC1=C(C)C(=O)c2ccccc2C1=O,0.43722936511039734
CC(O)(P(O)(O)=O)P(O)(O)=O,0.11066606491804123
ONC(=O)CCCCCCC(=O)NO,0.08554960787296295
CCc1cccc(CC)c1N=C1NCCN1,0.08998583257198334
FC(F)(F)COCC(F)(F)F,0.32379746437072754
COc1ccc(NS(=O)(=O)c2ccc(N)cc2)nn1,0.34765360951423646
CC(C)NNC(=O)c1ccncc1,0.16028168946504592
CCC1C(O)C2C3CCC(C(C)CCC(O)=O)C3(C)CCC2C2(C)CCC(O)CC12,0.14295012801885604
COc1c(OCCCN2CCOCC2)ccc2C3=NCCN3C(NC(=O)c3cnc(N)nc3)=Nc12,0.3408087193965912
CCOC(=O)[C@@H](N)Cc1ccc(O)c(O)c1,0.17994516789913179
CCOc1ccc2NC(C)(C)C=C(C)c2c1,0.23229486346244813
C[C@]12CC[C@H]3[C@@H](CC[C@@H]4C[C@@H](O)CC[C@]34C)[C@@]1(O)CC[C@]2(O)c1ccoc1,0.10508572161197663
OC(=O)CC(=O)C(O)=O,0.30123787224292753
COC(=O)NC(=S)Nc1ccccc1NC(=S)NC(=O)OC,0.49658910036087034
CC(=C)C1CCC(CO)=CC1,0.07210181728005409
CC(C)NCCN(C(C)C)S(=O)(=O)c1ccc(Cl)cc1Cl,0.2444138914346695
CC(C)NCC(O)c1ccc(O)c(O)c1,0.12402960062026977
CCN(CC)CCOC(=O)c1ccc(N)cc1,0.1463708445429802
Oc1cc2CCN(CC=C)CC(c3ccccc3)c2cc1O,0.2913742870092392
COc1cc(OC)c(\C=C\C)cc1OC,0.19653061032295227
COc1cc(Nc2nc3ccccc3nc2NS(=O)(=O)c2ccc(NC(=O)c3ccc(C)c(OC)c3)cc2)cc(OC)c1,0.7485206365585327
CC[C@H]1[C@@H](O)[C@H]2[C@@H]3CC[C@H]([C@H](C)CCC(O)=O)[C@@]3(C)CC[C@@H]2[C@@]2(C)CC[C@@H](O)C[C@@H]12,0.10996633619070054
O=C1C(CCS(=O)c2ccccc2)C(=O)N(N1c1ccccc1)c1ccccc1,0.7111027359962463
CC(C)COC(=O)c1ccc(N)cc1,0.21959394514560698
CSc1ccc(cc1)C(=O)\C=C\c1cc(C)c(OC(C)(C)C(O)=O)c(C)c1,0.5315593659877778
CCCCc1ccc(O)cc1O,0.136468406021595
NCCc1c[nH]cn1,0.11744656264781952
CCN(CC)CC(=O)Oc1ccc(NC(C)=O)cc1,0.18486809432506562
CCCCOC(=O)c1ccc(N)cc1,0.19615396559238435
CCOCOC[C@H](C[C@H](C)C(=O)NO)NC(=O)c1ccc(Oc2ccccc2)cc1,0.3129632830619812
C[C@H](O)[C@H](C)[C@H](N)C(O)=O,0.1261739104986191
CCN1CCCC(C1)OC(=O)C(c1ccccc1)c1ccccc1,0.20425002574920653
Nc1ccc(cc1)S(=O)(=O)Nc1nccs1,0.4113007128238678
CCC(\C=C\[C@H]1OC(=O)C=C[C@@H]1C)=C\[C@H](C)C\C=C\C(C)=C\[C@H](C)C(=O)[C@H](C)[C@@H](O)[C@H](C)C\C(C)=C\C(O)=O,0.2730587661266327
OC(=O)[C@H](Cc1c[nH]c2ccccc12)N1C(=O)c2ccccc2C1=O,0.6935782790184021
CN1c2ccccc2C(NCCCCCCC(O)=O)c2ccc(Cl)cc2S1(=O)=O,0.541407310962677
Cc1[nH]c(\C=C2/C(=O)Nc3ccccc23)c(C)c1CCC(O)=O,0.49645617604255676
CC1(C)C(C=C(Cl)Cl)C1C(=O)OCc1cccc(Oc2ccccc2)c1,0.5182240903377533
N#Cc1ccncn1,0.18668682873249054
CC(N)C(O)=O,0.19023163318634034
NS(=O)(=O)c1cc2c(NC(Cc3ccccc3)NS2(=O)=O)cc1C(F)(F)F,0.6785152912139892
CN(C)CCS,0.1408181294798851
OC(CCN1CCCC1)(C1CCCCC1)c1ccccc1,0.07956926971673965
O=C([C@@H]1CCCN(C1)C1CCN(CC1)C(=O)c1c2ccccc2cc2ccccc12)N1CCOCC1,0.28868095874786376
CC(C)(Oc1ccc(Cl)cc1)C(O)=O,0.2883344113826752
COc1cccc(OCCCN)c1-c1cc(Nc2cnc(cn2)C#N)n[nH]1,0.21767401397228242
Cc1cc(NS(=O)(=O)c2ccc(N)cc2)no1,0.3025081932544708
COc1ccc(C[C@H]2NC[C@H](O)[C@H]2OC(C)=O)cc1,0.09186884462833404
C[C@H](N)C(O)=O,0.19470455795526503
CCC(=O)NO,0.1486736074090004
Cc1cc(C)cc(NC(=O)Cc2ccc(OC(C)(C)C(O)=O)cc2)c1,0.39554532170295714
N[C@@H](Cc1cc(I)c(Oc2ccc(O)c(I)c2)c(I)c1)C(O)=O,0.5449719727039337
N[C@H](Cc1cc(I)c(Oc2ccc(O)c(I)c2)c(I)c1)C(O)=O,0.5522220849990844
[Li].[Li].[Li].OC(=O)CC(O)(CC(O)=O)C(O)=O,0.20651326179504395
CC(CN(C)C)CN1c2ccccc2Sc2ccc(cc12)C#N,0.3352117598056793
Oc1cc(O)c2C[C@@H](OC(=O)c3cc(O)c(O)c(O)c3)[C@H](Oc2c1)c1ccc(O)c(O)c1,0.6827460527420044
Cc1ccc(cc1NC(=O)c1ccc(OCc2ccccn2)cc1)-c1ncc[nH]1,0.4269795060157776
Clc1ccc(Cn2c(CN3CCCC3)nc3ccccc23)cc1,0.25571411550045015
C[C@H](CCC(O)=O)[C@H]1CC[C@H]2[C@@H]3CC[C@@H]4C[C@H](O)CC[C@]4(C)[C@H]3C[C@H](O)[C@]12C,0.10710417032241822
CN1CCCC(CC2c3ccccc3Sc3ccccc23)C1,0.2062147855758667
CCCCCC(=O)O[C@@]1(CCC2C3CCC4=CC(=O)CC[C@]4(C)C3CC[C@]12C)C(C)=O,0.17909759879112244
CC1(C)OC2(C)C(O)CC1CC2O,0.08672503978013993
OC\C=C\C(O)=O,0.16267801821231842
C\C1=C/CC[C@@]2(C)O[C@H]2[C@H]2OC(=O)C(=C)[C@@H]2CC1,0.12412473261356353
CCCCN1C[C@H](O)[C@@H](O)[C@H](O)[C@H]1CO,0.05115132331848145
CC(Cc1ccc(O)c(O)c1)C(C)Cc1ccc(O)c(O)c1,0.1719117656350136
CC(C)CC(N)=O,0.14922586977481841
O=C(Nc1cc2cc[nH]c2cn1)c1ccccc1,0.3953222930431366
O=C1C=CC(=O)C2=C1C1c3ccccc3C2c2ccccc12,0.7463479399681091
C\C1=C/CC[C@@]2(C)O[C@@H]2[C@H]2OC(=O)C(=C)[C@@H]2CC1,0.1327579990029335
FC(F)(F)c1cccc(NC(=O)Nc2cc(ccc2-c2ccsc2)S(=O)(=O)NC2CC2)c1,0.7993309974670411
C\C1=C\CC[C@@]2(C)O[C@H]2[C@H]2OC(=O)C(=C)[C@@H]2CC1,0.12260342836380005
CC(C)NCC(O)c1ccc(N)c(c1)C#N,0.15687904506921768
C\C1=C/CC\C(C)=C\[C@H]2OC(=O)C(=C)[C@@H]2CC1,0.15585006773471832
Oc1ccc(CCNCC2CCc3ccccc3C2=O)cc1,0.19075487852096557
Cc1cc(C)c(N(Cc2ccccc2)S(=O)(=O)c2ccc(OCCNC(=O)c3cc4ccccc4o3)cc2)c(c1)C(=O)NO,0.8461589097976685
OCCNC(=O)\C=C\c1ccccc1,0.17847944498062135
Oc1cc(O)c2c(c1)oc(cc2=O)-c1ccccc1,0.4674008429050446
CCCc1c(nn(c1-c1ccc(O)cc1)-c1ccc(O)cc1)-c1ccc(O)cc1,0.4417115867137909
CCCCN1CCCCC1C(=O)Nc1c(C)cccc1C,0.10607133507728576
O=C(C1CC1)N1CC[C@@H](Cc2n[nH]c(=O)n2-c2ccc(cc2)-c2ccc3occc3c2)C1,0.31558060050010683
CNC1(C)C2CCC(C2)C1(C)C,0.10505287796258926
CCC(C)(C)C(=O)O[C@H]1C[C@@H](C)C=C2C=C[C@H](C)[C@H](CC[C@@H]3C[C@@H](O)CC(=O)O3)[C@@H]12,0.12820671498775482
COc1cc2ncnc(Nc3cccc(c3)C#C)c2cc1OCCCCCCC(=O)NO,0.36270114183425906
Oc1ccc(cc1)-c1cc(=O)c2c(O)cc(O)cc2o1,0.46683135628700256
COc1ccccc1NC(=O)OCC1CCN(CC1)C(=O)OC(C)(C)C,0.09299125373363495
Oc1ccc(\C=C(/C#N)C(=O)NCCCCc2ccccc2)cc1O,0.3026332765817642
NC12CC3CC(CC(C3)C1)C2,0.10058696568012238
C[N+](C)(C)CC#CCN1CCCC1=O,0.06956699341535569
NCCCCCc1cnc[nH]1,0.08612973168492317
O[C@@H]([C@H](O)[C@@H](O)C(O)=O)[C@H](O)C(O)=O,0.10849803835153579
COC(=O)N[C@@H](C(C)C)C(=O)N1CCC[C@H]1c1ncc([nH]1)-c1ccc2-c3cc4cc(ccc4n3[C@@H](Oc2c1)c1ccccc1)-c1cnc([nH]1)[C@@H]1CCCN1C(=O)[C@@H](NC(=O)OC)C(C)C,0.6452663898468017
COc1ccc(cc1)C(=O)N1CCCC1=O,0.13349751234054566
COc1cc(C[C@@H]2[C@@H](Cc3ccc(OC)c(OC)c3)COC2=O)ccc1O,0.1521320179104805
CC(=O)O[C@@]1(CC[C@H]2[C@@H]3C=C(C)C4=CC(=O)CC[C@]4(C)[C@H]3CC[C@]12C)C(C)=O,0.19229720532894135
NS(=O)(=O)c1cc2c(NC(NS2(=O)=O)C2CC3CC2C=C3)cc1Cl,0.35703712701797485
COc1ccc(cc1)S(=O)(=O)N(C(C)=O)c1ccccc1\C=C\c1cc[n+]([O-])cc1,0.6792224407196045
NC(=O)C(=C\c1ccc(O)c(O)c1)\C#N,0.3881914258003235
CCCCCCCCCCC(=O)O[C@H]1CC[C@H]2[C@@H]3CCC4=CC(=O)CC[C@]4(C)[C@H]3CC[C@]12C,0.14918959140777588
C1CN(CCO1)Sc1nc2ccccc2s1,0.19064237922430038
COc1cccc(CCc2ccccc2OCC[C@@H]2C[C@@H](O)CN2C)c1,0.09044211208820344
OC(C(=O)c1ccccc1)c1ccccc1,0.3958073973655701
O[C@@H]1CCCC[C@H]1N1CCC(CC1)c1ccccc1,0.05675217062234879
COc1ccc(cc1)-c1coc2cc(O)cc(O)c2c1=O,0.4026096284389496
COC(=O)CCc1ccc(OCC(O)CNC(C)C)cc1,0.0788590706884861
C[C@]12CC[C@@](C)(C[C@H]1C1=CC(=O)[C@@H]3[C@@]4(C)CC[C@H](O)C(C)(C)[C@@H]4CC[C@@]3(C)[C@]1(C)CC2)C(O)=O,0.2093889206647873
CN1CCN(CC1)C1=Nc2ccccc2Oc2ccc(Cl)cc12,0.3779765427112579
CC(=O)Oc1ccc2[C@H]3CC[C@]4(C)[C@@H](O)CC[C@H]4[C@@H]3CCc2c1,0.1355750098824501
C(C1CCNCC1)c1c[nH]cn1,0.0546870231628418
CCC(C)(C)c1ccc(CC(C)CN2C[C@H](C)O[C@H](C)C2)cc1,0.15443622469902038
CC(C)(N)c1cc(cc(c1)C(F)(F)F)C(=O)N[C@@H]1CCc2ccc(OC3=C4CCC(=O)N=C4NC=C3)cc2C1,0.7121492981910705
CN1C(C)(C)CCCC1(C)C,0.08538133129477501
CCN(CC)C(=O)c1ccc(O)c(OC)c1,0.11052163988351822
O=C1NCN(c2ccccc2)C11CCN(CC2COc3ccccc3O2)CC1,0.23092829585075378
C[C@H]1CN(C[C@H](Cc2ccccc2)C(=O)NCC(O)=O)CC[C@@]1(C)c1cccc(O)c1,0.19104171097278594
COc1ccc(CCO[C@@H]2CCCC[C@H]2N2CC[C@@H](O)C2)cc1OC,0.05535159409046173
CCCCC(=O)O[C@H]1CC[C@H]2[C@@H]3CCc4cc(O)ccc4[C@H]3CC[C@]12C,0.1356648787856102
CCOC(=O)c1ccc(N)cc1,0.26773048043251035
C[C@]12CC[C@H]3[C@@H](CCc4cc(O)ccc34)[C@@H]1CC[C@@H]2O,0.09026387333869934
CC(C)(C(O)=O)c1ccc(cc1)C(=O)CCCN1CCC(CC1)OC(c1ccccc1)c1ccccc1,0.4236399710178375
NCCCC[C@H](N)C(O)=O,0.1073506772518158
CC12CCC(CC1)C(C)(C)O2,0.11264853477478028
CCOC(=O)COc1ccc2c(c1)oc(cc2=O)-c1ccccc1,0.41299644112586975
CC(=O)Nc1ccc(cc1)C(=O)Nc1ccccc1N,0.4673782646656036
COC(C)(C)CCC[C@H](C)C\C=C\C(C)=C\C(=O)OC(C)C,0.1268701121211052
COc1cc(NS(=O)(=O)c2ccc(N)cc2)ncn1,0.29497492909431455
CCN(CC)C(C)C(=O)c1ccccc1,0.153121280670166
CC(C)C(=O)OC(C)OC(=O)NCC1(CC(O)=O)CCCCC1,0.12298208326101304
CC(C)=C[C@@H]1[C@@H](C(=O)O[C@H]2CC(=O)C(C\C=C/C=C)=C2)C1(C)C,0.2171537011861801
CN1CC2CCCC(C1)C2OC(=O)C(O)(C1CCCC1)c1ccccc1,0.09950699061155319
COC(=O)N[C@@H](C(C)C)C(=O)N1CCC[C@H]1c1ncc([nH]1)-c1ccc(cc1)-c1ccc(cc1)-c1cnc([nH]1)[C@@H]1CCCN1C(=O)[C@@H](NC(=O)OC)C(C)C,0.5031825780868531
CC(=O)Nc1ccc(cc1)S(=O)(=O)c1ccc(NC(C)=O)cc1,0.5120517015457153
O[C@H]([C@@H](O)C(O)=O)C(O)=O,0.13558638989925384
CCOc1cc(C=O)ccc1O,0.21848145723342896
Nc1ccc(cc1)S(=O)(=O)c1ccc(N)cc1,0.480634880065918
COc1ccc2ccc(=O)oc2c1CC=C(C)C,0.2464042842388153
CC1CC(CC(C)(C)C1)OC(=O)c1ccccc1O,0.15215588361024857
CCN(CC)CCNC(=O)COc1ccc(OC)cc1,0.0727382980287075
Oc1ccc(\C=C(/C#N)C(=O)NCCCc2ccccc2)cc1O,0.32049397826194764
CC(C)CCCC(C)[C@H]1CCC2C3CC=C4C[C@@H](O)CC[C@]4(C)C3CC[C@]12C,0.13181822150945663
Brc1ccc(CN(c2ccc(cc2)C#N)n2cnnc2)cc1,0.5139360845088958
CC(C)(N)CC12CC3CC(CC(C3)C1)C2,0.11410339176654816
OC(=O)CC(NC(=O)CP(O)(O)=O)C(O)=O,0.18889829218387605
CC(=O)OC[C@H](N)C(O)=O,0.16204430907964706
COc1ccc(cc1OC1CCCC1)[C@@H]1CNC(=O)C1,0.08206249326467514
O=C(C=Cc1ccc2OCOc2c1)N1CCCCC1,0.12075773924589157
N[C@@H]([C@H](O)c1ccc(O)c(O)c1)C(O)=O,0.25037345588207244
CC(C)[C@@H](C)\C=C\[C@@H](C)[C@H]1CC[C@H]2C3=CC=C4C[C@@H](O)CC[C@]4(C)[C@H]3CC[C@]12C,0.1406476080417633
CC[C@H](CC[C@@H](C)[C@H]1CC[C@H]2[C@@H]3CC=C4C[C@@H](O)CC[C@]4(C)[C@H]3CC[C@]12C)C(C)C,0.12130663990974426
Cc1nc[nH]c1CCN,0.10039830356836318
C[C@]12CC[C@H]3[C@@H](CC=C4C[C@H](CC[C@]34C)OS(O)(=O)=O)[C@@H]1CCC2=O,0.1349089652299881
CC(C(O)c1ccc(O)cc1)N1CCC(Cc2ccccc2)CC1,0.08263576924800872
COc1ccc(cc1OC1CCCC1)[C@H]1CNC(=O)C1,0.07790138348937034
CC(=O)N[C@@H](CC(O)=O)C(=O)N[C@@H](CCC(O)=O)C(O)=O,0.1807915151119232
COc1ccc(cc1)C(=O)C(\Br)=C\C(O)=O,0.47600961327552793
CS(=O)(=O)N1CCN(Cc2cc3nc(nc(N4CCOCC4)c3s2)-c2cccc3[nH]ncc23)CC1,0.45502409934997556
Oc1ccc2C[C@H]3N(CC4CCC4)CC[C@@]4(CCCC[C@@]34O)c2c1,0.06445630863308907
COCCNC(=O)COc1ccc(OCCNC[C@H](O)COc2ccccc2)cc1,0.16165056079626083
Cc1cc(ccc1Nc1nc(NC2CCCCC2)c2[nH]cnc2n1)N1CCOCC1,0.22496659457683563
Oc1ccc2ccccc2c1\C=N\S(=O)(=O)c1cccs1,0.6441395163536072
COCCc1ccc(OCC(O)CNC(C)C)cc1,0.07180280461907387
CC(C)(C)C(=O)OCC(=O)[C@H]1CC[C@H]2[C@@H]3CCC4=CC(=O)CC[C@]4(C)[C@H]3CC[C@]12C,0.17664642930030822
C[N+](C)(C)NCCC(O)=O,0.1304239496588707
C[N+]1(C)[C@H]2C[C@@H](C[C@@H]1[C@H]1O[C@@H]21)OC(=O)[C@H](CO)c1ccccc1,0.10931917428970336
C[C@H](CCC(O)=O)[C@H]1CC[C@H]2[C@@H]3[C@H](O)C[C@@H]4C[C@H](O)CC[C@]4(C)[C@H]3C[C@H](O)[C@]12C,0.10874545872211457
C[C@H](C[C@H](N)C(O)=O)C(O)=O,0.15332426726818085
CC[C@H](C)C(=O)O[C@H]1CCC=C2C=C[C@H](C)[C@H](CC[C@@H]3C[C@@H](O)CC(=O)O3)[C@@H]12,0.1080792173743248
Cc1ccccc1OCC(O)CNCCOc1ccc(cc1)C(N)=O,0.16986124068498612
CC(C)(C)c1cc(cc(c1)C(C)(C)C)C(=O)\C=C\c1ccc(cc1)C(O)=O,0.6471715331077575
CCC1=C[C@@H]2CN3CCc4c([nH]c5ccccc45)[C@@](C2)([C@@H]13)C(=O)OC,0.23828474581241607
C[C@H](CCC(O)=O)[C@H]1CC[C@H]2[C@@H]3C[C@H](O)[C@@H]4C[C@H](O)CC[C@]4(C)[C@H]3CC[C@]12C,0.1090297281742096
CCCCC(C)(C)[C@H](O)\C=C\[C@H]1[C@H](O)CC(=O)[C@@H]1C\C=C/CCCC(O)=O,0.12047028243541717
CC(C)(CCCCCC(O)CCCCCC(C)(C)C(O)=O)C(O)=O,0.09028621464967727
CCN(CC)CC(=O)Nc1c(C)cccc1C,0.14470376819372177
CC(\C=C\C=C(\C=C\C1=C(C)CCCC1(C)C)c1ccc(C)cc1)=C/C(O)=O,0.45218966007232664
Nc1cccc(c1)-c1cc2c(Oc3cccc(O)c3)ncnc2[nH]1,0.4816964030265808
COc1ccc(cc1)-c1oc2c(CC=C(C)C)c(O)cc(O)c2c(=O)c1O,0.4435896039009094
C[C@H](CCC(O)=O)[C@H]1CC[C@H]2[C@@H]3[C@H](O)C[C@@H]4C[C@H](O)CC[C@]4(C)[C@H]3CC[C@]12C,0.10864178985357284
C[C@H](CCC(O)=O)[C@H]1CC[C@H]2[C@@H]3[C@@H](O)C[C@@H]4C[C@H](O)CC[C@]4(C)[C@H]3CC[C@]12C,0.10532137900590896
COc1ccccc1-c1c[nH]c2ncc(cc12)-c1cncc(c1)C(=O)N(C)C,0.45682336688041686
COc1ccc(cc1OC1CCCC1)C1CNC(=O)C1,0.08073292896151543
CN(\C=N\c1ccc(C)cc1C)\C=N\c1ccc(C)cc1C,0.30344078540802
COc1cccc(NC(=O)\C=C\c2ccc(Cl)cc2)c1,0.4696096897125244
NC1(CC1)C(O)=O,0.1029500663280487
CC(\C=C\C=C(C)\C=C\C1=C(C)CCCC1(C)C)=C/C=O,0.2625077098608017
COc1ccc(O)c(c1)C(C)(C)C,0.1635860949754715
CC(C)NCC(O)COc1ccccc1OCC=C,0.08830052018165588
CC[C@H](C)C(=O)O[C@H]1C[C@@H](C)C=C2C=C[C@H](C)[C@H](CC[C@@H]3C[C@@H](O)CC(=O)O3)[C@@H]12,0.11771289855241776
CC(CNC1CCCCC1)OC(=O)c1ccccc1,0.11755122989416122
CCCC[C@@H](CC)COC(=O)c1ccccc1O,0.11369739770889283
CN(C)c1ccc(cc1)\C=C1CCCN=C/1c1cccnc1,0.3014300584793091
S=C=Nc1cccc(NC(=S)NCCCCNC(=S)Nc2cccc(c2)N=C=S)c1,0.4602720022201538
COc1cc(OC)c(C(=O)CCCN2CCCC2)c(OC)c1,0.08246149718761445
CCN1CC(CCN2CCOCC2)C(C1=O)(c1ccccc1)c1ccccc1,0.25365144610404966
CC(N)Cc1c[nH]c2ccc(OCc3cccs3)cc12,0.36441795229911805
OC(=O)c1ccccc1NCCc1ccccc1,0.3778345167636871
CC(=O)O[C@@]1(CC[C@H]2[C@@H]3C=C(C)C4=CC(=O)CC[C@@H]4[C@H]3CC[C@]12C)C(C)=O,0.1714850753545761
N#CC(c1nc2ccccc2s1)c1ccnc(OCc2ccc(CN3CCOCC3)cc2)n1,0.4437156617641449
Oc1ccc(C(=O)c2cc(O)c(O)c(O)c2)c(O)c1O,0.468904173374176
CCOC(=O)c1c[nH]cn1,0.13959647715091705
CC(C)(C)N1CCC(CC1)(c1ccccc1)c1ccccc1,0.20091794729232787
CCC(=O)NC1CC(c2ccccc2)c2ccccc2C1,0.2858962148427963
C(Nc1ncnc2[nH]cnc12)c1ccco1,0.16759434938430787
CC(=O)Nc1ccc(cc1)C(=O)NC(C)(C)C,0.258941650390625
C[S+](C)CC[C@H](N)C(O)=O,0.14695980101823808
OCCCC(O)=O,0.09445949122309685
CC(C)NCC(O)c1cc(O)cc(O)c1,0.13034252524375917
CCCc1ccc(cc1)C(O)=O,0.28966555893421175
CC(CCc1ccc(O)cc1)NCCc1ccc(O)c(O)c1,0.14197926223278046
CC(C(O)=O)c1ccc2Sc3ccccc3C(=O)Cc2c1,0.5525302946567535
OC(CCCN1CCCCC1)(c1ccccc1)c1ccccc1,0.14165092408657073
CC(=C)[C@@H]1CCC(C)=CC1,0.10580486059188843
CC[C@H](\C=C\[C@@H](C)[C@H]1CC[C@H]2[C@@H]3CC=C4C[C@@H](O)CC[C@]4(C)[C@H]3CC[C@]12C)C(C)C,0.12967981100082399
CC(=O)Nc1ccc(OC(C)=O)cc1,0.3511347591876984
C[C@H](CCC(O)=O)[C@@H]1CC[C@H]2[C@@H]3CC[C@@H]4C[C@H](O)CC[C@]4(C)[C@H]3CC[C@]12C,0.10984199941158294
CC(C)NC(=O)COc1cccc(c1)-c1nc(Nc2ccc3[nH]ncc3c2)c2ccccc2n1,0.6147872567176819
CC(C)c1ccc(C)c(O)c1,0.17914054542779922
Oc1ccc(cc1)-c1coc2cc(O)ccc2c1=O,0.41545026898384096
CC1=C(C)C(=O)C(C(CCCCCC(O)=O)c2ccccc2)=C(C)C1=O,0.35459821224212645
COc1cccc(CCc2ccccc2OCC(CN(C)C)OC(=O)CCC(O)=O)c1,0.3202360212802887
CC(C)(Oc1ccc(cc1)C1CC1(Cl)Cl)C(O)=O,0.4692125082015991
COc1ccc(cc1)-c1noc(CC(O)=O)c1-c1ccc(OC)cc1,0.452018016576767
CCC1(CCCCN(C)C1)c1cccc(O)c1,0.07345014214515685
OCCc1ccc(OCCn2ccnc2)cc1,0.08791371881961822
CCc1c(c(nn1-c1ccccc1-c1cccc(OCC(O)=O)c1)-c1ccccc1)-c1ccccc1,0.7188493847846985
CN1[C@H]2C[C@@H](C[C@@H]1[C@H]1O[C@@H]21)OC(=O)[C@H](CO)c1ccccc1,0.1124485656619072
S=C=Nc1ccc(cc1)N=C=S,0.379101836681366
COC(=O)Nc1ccc2[nH]cc(CCNC(C)=O)c2c1,0.26580389142036437
C[C@]12CC[C@H]3[C@@H](CCC4C(=O)C(=O)CC[C@]34C)[C@@H]1CCC2=O,0.11114736497402192
CCCCCCCNS(=O)(=O)c1cccc2c(Cl)cccc12,0.28695744574069976
CS(=O)(=O)Nc1ccc(cc1)-c1coc2cc(OCc3cccc(c3)C(O)=O)ccc2c1=O,0.8013695359230042
CCCCCCCCCC(=O)O[C@H]1CC[C@H]2[C@@H]3CCC4=CC(=O)CC[C@@H]4[C@H]3CC[C@]12C,0.13804972916841507
O=C(OOC(=O)c1ccccc1)c1ccccc1,0.49107581973075864
OC1c2ccccc2CCC\C1=C/C(O)=O,0.2334306627511978
CCn1c2ccccc2[nH]c1=O,0.23058385848999025
CCC(O)(CC(N)=O)c1ccccc1,0.18130345940589904
C[C@]12CC[C@H]3[C@@H](CC[C@@H]4C[C@@H](O)CC[C@]34C)[C@@]1(O)CC[C@@H]2C1=CC(=O)OC1,0.0654620237648487
O=C1NC(=O)c2cc(Nc3ccccc3)c(Nc3ccccc3)cc12,0.6681348204612731
OC(CCN1CCCCC1)(c1ccccc1)c1ccccc1,0.14439528286457062
CC(=O)OC\C=C(C)\C=C\C=C(C)\C=C\C1=C(C)CCCC1(C)C,0.23029551208019255
CC(C)c1ccc(cc1)-c1cc(=O)c2ccccc2o1,0.4049049079418182
CCC(C)SSc1ncc[nH]1,0.1049925997853279
CC(C)N(CCNC(=O)CN1CCCC1=O)C(C)C,0.06157750189304352
COc1ccc(Nc2ccn(n2)-c2ccccc2)cc1,0.2859678864479065
CC(C)COCC(CN(Cc1ccccc1)c1ccccc1)N1CCCC1,0.18493518829345704
O=C1N2Cc3ccccc3C(=O)N2Cc2ccccc12,0.5399935364723205
OP(O)(=O)OCN1C(=O)NC(C1=O)(c1ccccc1)c1ccccc1,0.525992476940155
C[C@@H]1COCCN1c1cc(nc(n1)-c1cccc2[nH]ccc12)C1(CC1)S(C)(=O)=O,0.30756211280822754
CCCCC[C@H](O)\C=C\[C@H]1[C@H](O)C[C@@H]2O\C(C[C@H]12)=C/CCCC(O)=O,0.08920713663101196
CCC(=O)c1cc(-c2ccc(Cl)cc2)n(c1C)-c1ccc(cc1)S(N)(=O)=O,0.5996969103813171
N[C@@H](CC(O)=O)C(O)=O,0.18791823983192443
CCC(C)(Oc1ccc(cc1)C1(CCCCC1)c1ccc(OC(C)(CC)C(O)=O)cc1)C(O)=O,0.42091434001922606
O=C(COc1ccc(cc1)C(=O)c1ccccc1)NC1CCN(Cc2ccccc2)CC1,0.27348925471305846
ONC(=O)CCCCCCC(=O)Nc1ccccc1,0.16615097522735595
OC(C1CCN(CCc2ccccc2)CC1)c1ccccc1,0.08334598839282989
Cc1ccc(C)c(OCCCC(C)(C)C(O)=O)c1,0.12730373591184616
Cc1ccc(cc1)\C=C1/CNC\C(C1=O)=C/c1ccc(C)cc1,0.30373194217681887
CCCCS(=N)(=O)CC[C@H](N)C(O)=O,0.0787583701312542
CCCCCOC(=O)c1ccc(cc1)N(C)C,0.1633774906396866
C[C@@H]1[C@H](O)CC[C@@]2(C)[C@H]1CC[C@@]1(C)C2[C@H](O)C[C@@H]2[C@]1(C)C[C@H](OC(C)=O)\C2=C(/CCC=C(C)C)C(O)=O,0.21790053844451904
OC(=O)c1ccccc1O,0.4368066370487213
CCCC[C@H](C)C[C@H](O)\C=C\[C@H]1[C@H](O)CC(=O)[C@@H]1CCCC\C=C\C(O)=O,0.10740230828523636
CC\C(=C(\c1ccc(OCCN(C)C)cc1)c1cccc(O)c1)c1ccccc1,0.40779624581336976
NC(N)=NCCC(O)=O,0.13248254507780075
CC(C)(O)CC(O)=O.CC(C)(O)CC(O)=O,0.19287795722484588
COC(=O)Nc1nc2cc(ccc2[nH]1)C(=O)c1cccs1,0.5238803148269653
CC(C)(NS(=O)(=O)c1ccc(Oc2ccc(F)cc2)cc1)C(=O)NO,0.41947153210639954
CC(=O)C(O)=O,0.27037462294101716
CC(=O)O[C@H]1[C@H](C[C@H]2[C@@H]3CC[C@H]4C[C@H](O)[C@H](C[C@]4(C)[C@H]3CC[C@]12C)N1CCOCC1)[N+]1(CC=C)CCCC1,0.08629449903964996
CC(C)[C@H]1[C@H]2[C@@H](CCN2C(=O)\C=C\CN2CCCCC2)N(C1=O)S(C)(=O)=O,0.11186354011297225
COc1ccccc1OCC(O)CNC(C)C,0.08358010426163673
CN(C)\C=N\c1c(I)cc(I)c(CCC(O)=O)c1I,0.38915618062019347
CN(C)C(=O)Nc1cccc(c1)-c1ccc(cc1)N(C)C,0.34669678211212157
CN1CCC=C(C1)C(=O)OCC#C,0.08950550556182861
CCCCC1C(=O)N(N(C1=O)c1ccccc1)c1ccccc1,0.5005605340003967
CC1(O)CCOC(=O)C1,0.07309062182903289
CC(=O)N(OCc1ccccc1)[C@H]1[C@H](O)C(C)(C)Oc2ccc(cc12)C#N,0.3123831570148468
OC(=O)CCc1cc(I)c(Oc2ccc(O)cc2)c(I)c1,0.44655192494392393
CC(C)(C)c1ccc(O)cc1,0.21337830126285554
CCC(=O)O[C@H](CC(O)=O)C[N+](C)(C)C,0.12010527998209
NCCCC(O)=O,0.12440325319766998
CCC(C)C(CC)C(N)=O,0.09460828751325608
Oc1ccc(OC2CCCCO2)cc1,0.10056485682725906
CC(C)OP(F)(=O)OC(C)C,0.22706884145736694
COC(=O)[C@H]1[C@@H](O)CC[C@H]2CN3CCc4c([nH]c5ccccc45)[C@@H]3C[C@H]12,0.12546324282884597
CC(=O)O[C@@]1(CC[C@H]2[C@@H]3C=CC4=CC(=O)CC[C@]4(C)[C@H]3CC[C@]12C)C(C)=O,0.1761803150177002
CC[C@H](CC#N)OC(=O)N[C@@H](C)c1cccc(NC(=O)Nc2ccc(-c3cnco3)c(OC)c2)c1,0.4471923589706421
CC(C)c1ccc(CC(=O)N2CCC[C@H](C2)c2cccc(OC(C)(C)C(O)=O)c2)cc1,0.2314406931400299
C[C@H]1CC2C3CC[C@](OC(C)=O)(C(C)=O)[C@@]3(C)CCC2[C@@]2(C)CCC(=O)C=C12,0.1737881511449814
NC[C@H]1CC[C@@H](CC1)C(O)=O,0.08378621339797973
COC(=O)[C@@H]1[C@@H](O)CC[C@@H]2CN3CCc4c([nH]c5ccccc45)[C@@H]3C[C@H]12,0.1354278415441513
CC(N)C12CC3CC(CC(C3)C1)C2,0.09820736795663834
CC(=C)[C@@H]1CC[C@@](C)(C=C)[C@@H](C1)C(C)=C,0.11537803560495377
CCOC(=O)[C@H](C)C[C@@H](Cc1ccc(cc1)-c1ccccc1)NC(=O)CCC(O)=O,0.30880938470363617
CC(=C)[C@@H]1CC[C@@](C)(C=C)[C@H](C1)C(C)=C,0.12176598459482194
COc1ccc(cc1)C(Cl)=C(c1ccc(OC)cc1)c1ccc(OC)cc1,0.6451553225517273
OC(=O)Cc1cc(I)c(Oc2ccc(O)c(I)c2)c(I)c1,0.5864250898361206
CC(C(O)=O)c1ccc(s1)C(=O)c1ccccc1,0.5340341567993164
Cc1cc2c(OCC(CNC(C)(C)C)OC(=O)c3ccccc3)cccc2[nH]1,0.4154911935329437
CC1(C)[C@H](CC[C@@]2(C)C1CC[C@]1(C)[C@@H]2C(=O)C=C2[C@@H]3C[C@](C)(CC[C@]3(C)CC[C@@]12C)C(O)=O)OC(=O)CCC(O)=O,0.33268649578094484
Oc1ccc2CC3N(CC4CC4)CC[C@@]45[C@@H](Oc1c24)c1oc2ccccc2c1C[C@@]35O,0.2053197979927063
OCCOC(=O)NCc1ccccc1,0.13646058589220048
CCCN1CCC[C@@H]2Cc3n[nH]cc3C[C@@H]12,0.06948997378349304
C[C@]12CCC3C(CCc4cc(OC(=O)c5ccccc5)ccc34)C1CC[C@@H]2O,0.2547229200601578
CCCc1c(OCCCOc2ccc(OCC(O)=O)cc2)ccc(C(C)=O)c1O,0.29068324267864226
C1CC1c1cc(Nc2ccnc(Nc3ccc4nc[nH]c4c3)n2)[nH]n1,0.27131707072257993
CCc1cc2C(=O)c3c([nH]c4cc(ccc34)C#N)C(C)(C)c2cc1N1CCC(CC1)N1CCOCC1,0.46923698782920836
CC1(C)CC[C@@]2(CC[C@]3(C)[C@@H]([C@@H]2C1)C(=O)C=C1[C@@]2(C)C=C(C#N)C(=O)C(C)(C)[C@@H]2CC[C@@]31C)C(O)=O,0.34486879110336305
COC(=O)[C@H](Cc1ccccc1)NC(=O)[C@@H](N)CC(O)=O,0.22468170523643494
CCCCC1(COC(=O)CCC(O)=O)C(=O)N(N(C1=O)c1ccccc1)c1ccccc1,0.5514068186283112
C\C(=C/C(=O)Nc1ccccc1C(O)=O)c1ccc2ccccc2c1,0.7479589819908142
NCCc1c[nH]c2ccc(cc12)C(N)=O,0.34152677059173586
C[C@@H](Nc1ncnc2[nH]c(cc12)-c1ccc(O)cc1)c1ccccc1,0.4182378888130188
CCCCCCCCCCCC(O)=O,0.09290371537208557
O=C1CCCN1CC#CCN1CCCC1,0.054943180084228514
COc1cc(cc(OC)c1OC)\C=C\C(=O)N1CCCCCCC1,0.10601487904787063
N[C@@H](Cc1ccc(cc1)B(O)O)C(O)=O,0.2835038900375366
Brc1cccc(NC(=O)c2cccc(c2)S(=O)(=O)N2CCCCCC2)c1,0.446732896566391
Nc1ccc(cc1)-c1cccc2c1oc(cc2=O)N1CCOCC1,0.3972739577293396
NCC1(CC(O)=O)CCCCC1,0.10179339647293091
CC(CCc1ccc(O)cc1)NCC(O)c1ccc(O)cc1,0.12905999273061752
Oc1ccc(cc1)[C@@H]1CC(=O)c2c(O)cc(O)cc2O1,0.4791387140750885
CC(C(O)=O)c1ccc2c(c1)[nH]c1ccc(Cl)cc21,0.5832708716392517
CC(C)c1ccc(cc1S(C)(=O)=O)C(=O)N=C(N)N,0.2844989776611328
CC(=O)Nc1ccc(Cc2ccc(NC(C)=O)cc2)cc1,0.3923678696155548
CCCN1CCCC[C@H]1C(=O)Nc1c(C)cccc1C,0.10282674431800842
Cc1[nH]cnc1CN1CCc2c(C1=O)c1ccccc1n2C,0.25403461456298826
COc1cc(NS(C)(=O)=O)ccc1Nc1c2ccccc2nc2ccccc12,0.5909249544143677
CC1=CC(C=CC1=N)=C(c1ccc(N)cc1)c1ccc(N)cc1,0.568315327167511
Oc1ccc2c(Oc3cc(O)ccc3C22OC(=O)c3ccccc23)c1,0.678241491317749
O[C@@H]1[C@@H](COP(O)(=O)OP(O)(=O)OP(O)(O)=O)O[C@H]([C@@H]1O)n1ccc(=O)[nH]c1=O,0.21711443662643432
CCCC(=O)OCOC(=O)C(C)(C)C,0.10431878119707108
NNCCc1ccccc1,0.18519882261753082
OC(=O)CCC(CP(O)(O)=O)C(O)=O,0.12093031704425812
OC1[C@@H](COP(O)(=O)OP(O)(=O)OP(O)(O)=O)O[C@H](C1O)n1ccc(=O)[nH]c1=O,0.2167683094739914
CCCCN(CCCC)CCCOc1ccc(cc1)C(=O)c1c(CCCC)oc2ccc(NS(C)(=O)=O)cc12,0.48735294342041013
O[C@@H]1C[C@](O)(C[C@@H](OC(=O)\C=C\c2ccc(O)c(O)c2)[C@@H]1O)C(O)=O,0.2040307879447937
Cc1cccc(C)c1NC(=O)c1cc(c(Cl)cc1O)S(N)(=O)=O,0.555623060464859
COc1ccccc1C(=O)Nc1cccc(NC(=O)c2cccc(C)c2)c1,0.5298159658908844
CCCCN(Cc1ccc(cc1)C(=O)NO)C(=O)Nc1ccccc1,0.36158559322357176
CC(C)(Oc1ccc(cc1)C(=O)c1ccc(Cl)cc1)C(O)=O,0.4930337190628052
COc1cc(cc(OC)c1OC)C(=S)N1CCOCC1,0.16267872750759124
COc1cc(CCC(C)=O)ccc1O,0.12829451858997346
CC(C)[C@@H](N)C(O)=O,0.16059123873710632
CC(=O)NCCCCCC(O)=O,0.0873694933950901
Cc1cc(C)cc(OCC2CNC(=O)O2)c1,0.10951526463031769
C1CCC(CC1)Nc1nc(Oc2ccccc2)nc2[nH]cnc12,0.17508559823036193
COc1ccc(CNC(=O)\C=C\c2ccc3[nH]cc(CCN(C)C)c3c2)cc1,0.34778609275817873
CCCCCCCCCCCCCCCC(=O)OCCC1CCN(CCCN2c3ccccc3Sc3ccc(cc23)S(=O)(=O)N(C)C)CC1,0.23533740043640136
C[C@H]1CCC\C=C\[C@@H]2C[C@H](O)C[C@H]2[C@H](O)\C=C\C(=O)O1,0.07470569089055061
COc1cccc(c1)C(=O)CCN[C@@H](C)[C@H](O)c1ccccc1,0.15493146181106568
Oc1ccc(\C=C(/C#N)C(=O)OCCc2cccs2)cc1O,0.39322236776351926
CCN(CC)CCCN(C1Cc2ccccc2C1)c1ccccc1,0.2842216581106186
CC(=O)O[C@@]1(CC[C@H]2[C@@H]3CCC4=CC(=O)CC[C@]4(C)[C@H]3CC[C@]12C)C(C)=O,0.1491867333650589
C[N+]1([O-])[C@H]2C[C@@H](C[C@@H]1[C@H]1O[C@@H]21)OC(=O)[C@H](CO)c1ccccc1,0.12130273878574371
OC(=O)CCC(=O)C(O)=O,0.18169141411781312
CC(C)NCC(O)COc1ccc(NC(C)=O)cc1,0.1224727600812912
CCCC(=O)OCC(COC(=O)CCC)OC(=O)CCC,0.09891399443149566
Oc1ccc(CC2NCCc3cc(O)c(O)cc23)cc1,0.2106517344713211
C[C@@H]1CC[C@H]2[C@@H](C)[C@H](OC(=O)CCC(O)=O)O[C@@H]3O[C@@]4(C)CC[C@@H]1[C@@]23OO4,0.14183360040187837
C[C@]12CC[C@H]3[C@@H](CCC4=CCCC[C@H]34)[C@@H]1CC[C@@]2(O)CC=C,0.112312550842762
[O-][N+][Fe--](C#N)(C#N)(C#N)(C#N)C#N,0.34278514683246614
COc1ccc(cc1)C1C(=O)c2ccccc2C1=O,0.6109498023986817
C[C@](N)(Cc1ccc(O)c(O)c1)C(O)=O,0.23718163669109343
Cc1cccc(C)c1NC(=O)c1ccc(N)cc1,0.3956329464912415
Cc1cccc(COc2cccc(\C=C3/C(=O)NN(C3=O)c3ccccc3)c2)c1,0.6971408009529114
CCOC(=O)C1=C(C)NC(C)=C(C1c1ccccc1\C=C\C(=O)OC(C)(C)C)C(=O)OCC,0.4878707051277161
NCC1CN(Cc2ccccc2)C(=O)C1,0.10643053501844406
CC\C(c1ccccc1)=C(/c1ccc(O)cc1)c1ccc(OCCN(C)C)cc1,0.40246668457984924
CCCCC[C@H](O)\C=C\[C@H]1[C@H](O)CC(=O)[C@@H]1C\C=C/CCCC(O)=O,0.09221766218543052
Cc1nc2ccc(cc2[nH]1)-n1ncc(C(=O)c2cc3ccccc3[nH]2)c1N,0.5636580348014831
C(Cc1c[nH]c2ccccc12)Nc1ccc(Nc2ccncc2)cc1,0.481930273771286
Cc1ccc(cc1)S(=O)(=O)N1CCC[C@H]1c1ccc(F)cc1,0.2713307023048401
CC(C)(C)NCC(O)c1cc(O)cc(O)c1,0.13852551728487014
Fc1ccc(cc1)C(=O)CCCN1CCC(CC1)n1c2ccccc2[nH]c1=O,0.24507241249084472
CCOc1ccc(NC(=O)CC(C)O)cc1,0.13338896483182908
CN1CCC[C@H]1c1cncc(c1)C#C,0.10348770022392273
CCCCCCCC\C=C/CCCCCCC(O)C(O)=O,0.07979530021548271
COc1ccc(cc1)-c1coc2cc(O)ccc2c1=O,0.3765115559101105
CN1c2ccccc2C(=N[C@@H](NC(=O)Nc2cccc(C)c2)C1=O)c1ccccc1,0.6584587574005127
COc1ccc(\C=C2CCCN=C/2c2cccnc2)c(OC)c1,0.20386557281017303
O[C@@H](CNCCOc1ccc(CC(O)=O)cc1)c1ccccc1,0.20721664428710937
CC(C)=CCC\C(C)=C\CC\C(C)=C\CCC(=O)OC\C=C(/C)CCC=C(C)C,0.1903012901544571
CN1CCN(CC1)C1=Nc2cc(Cl)ccc2Nc2ccccc12,0.4169969499111176
CCC(C)C(=O)O[C@H]1C[C@H](O)C=C2C=C[C@H](C)[C@H](CC[C@@H](O)C[C@@H](O)CC(O)=O)C12,0.16310927420854568
Oc1c(I)cc(I)c(O)c1I,0.42445128560066225
NC(C(O)=O)c1cc(O)cc(O)c1,0.3669667601585388
CNC(C)CCC=C(C)C,0.10839000642299652
CC(=O)Nc1ccc(CC(O)=O)cc1,0.31827025711536405
Cc1ccccc1NC(=O)Nc1ccc(CC(=O)N2CCOC[C@H]2C(=O)N2CCC(CC(O)=O)CC2)cc1,0.32510924339294434
CC(=O)N(O)[C@H]1[C@H](O)C(C)(C)Oc2ccc(cc12)C#N,0.20363003611564637
N[C@H](C(O)=O)c1cc(O)cc(O)c1,0.3694015324115753
N#Cc1ccc(cc1)C(c1ccc(cc1)C#N)n1cncn1,0.36411728858947756
OC(=O)[C@H](CC(=O)N1C[C@H]2CCCC[C@H]2C1)Cc1ccccc1,0.12975186556577684
O=C(\C=C\C=C\c1ccc2OCOc2c1)N1CCCCC1,0.14433086812496185
CC(C(O)=O)c1ccc(cc1)C(=O)c1cccs1,0.5544506788253785
CC(=O)OCC(=O)[C@@]12N=C(C)O[C@@H]1C[C@H]1[C@H]3CCC4=CC(=O)C=C[C@]4(C)[C@H]3[C@@H](O)C[C@]21C,0.15398788303136826
O=C(NCC#N)c1ccc(cc1)-c1ccnc(Nc2ccc(cc2)N2CCOCC2)n1,0.3196308523416519
COc1ccc2cccc(CCNC(C)=O)c2c1,0.20894739627838135
CC(C)[C@@H]1C2CCC(C2)[C@H]1N,0.11358492970466613
CC1Nc2ccc(Cl)cc2S(=O)(=O)N1,0.36260404586791994
O=C(\C=C\c1ccc2ccccc2n1)c1ccncc1,0.4562667489051819
CN1CCCC1CCSc1ccc(O)cc1,0.08176963925361633
CC(Cc1ccc(O)cc1)NCC(O)c1cc(O)cc(O)c1,0.17403667271137238
C[Se]C[C@H](N)C(O)=O,0.1409415438771248
COC(=O)C(N)CS,0.13286887854337692
COc1ccc(cc1)C1CC(=NN1c1ccc(cc1)S(N)(=O)=O)c1ccccc1,0.6358671665191651
OCCCNc1ccccc1,0.12308346331119538
C(C(N1CCCCC1)c1ccccc1)c1ccccc1,0.14962844401597977
COc1ccc2[nH]cc(C3=CCNCC3)c2c1,0.1902185261249542
CC(C)(N)C(=O)N[C@H](COCc1ccccc1)C(=O)N1CCC2(CN(c3ccccc23)S(C)(=O)=O)CC1,0.36613476276397705
C[C@]12C[C@H](O)[C@H]3[C@@H](CCC4=CC(=O)CC[C@]34C)[C@@H]1CC[C@@H]2C(=O)CO,0.08941437900066376
O=S(=O)(N1CCCNCC1)c1cccc2cnccc12,0.15876473784446715
CCCCCCC(=O)O[C@H]1CC[C@H]2[C@@H]3CCC4=CC(=O)CC[C@]4(C)[C@H]3CC[C@]12C,0.1375278651714325
O=C(O[C@H]1C[C@H]2C[C@H]3C[C@@H](C1)N2CC3=O)c1c[nH]c2ccccc12,0.1661659985780716
CC1CCC2C(C)(C)C3CC12CCC3(C)O,0.11117050647735596
Oc1ccc2[nH]c3cc(c4C(=O)NC(=O)c4c3c2c1)-c1ccccc1,0.6959306478500367
CCC(=O)[C@@]1(C)[C@H](C)C[C@H]2[C@@H]3CCC4=CC(=O)C=C[C@]4(C)[C@H]3[C@@H](O)C[C@]12C,0.129987932741642
C[C@@H]1CC[C@H]2C(C)(C)[C@H]3C[C@@]12CC[C@@]3(C)O,0.08244874626398087
C(CN1CCOCC1)Oc1ccc(cc1)-c1cnc2c(cnn2c1)-c1ccccc1,0.3262268304824829
COc1cc2[nH]nnc2cc1C(=O)NCC1CCCN1CC=C,0.14712697118520737
CC(=O)[C@@]12OC(C)(O[C@@H]1C[C@H]1[C@@H]3CCC4=CC(=O)CC[C@]4(C)[C@H]3CC[C@]21C)c1ccccc1,0.2600306510925293
CCc1ccc(cc1)C(=O)C(C)CN1CCCCC1,0.09969492107629777
O=C(OC1CN2CCC1CC2)c1ccccc1,0.12465837001800537
COc1cc(CNC(=O)CCCC\C=C\C(C)C)ccc1O,0.08101407587528228
Cc1cc(\C=C\C#N)cc(C)c1Nc1ccnc(Nc2ccc(cc2)C#N)n1,0.3549805283546448
Oc1ccc(CCC(=O)c2c(O)cc(O)cc2O)cc1,0.3529483020305634
CCc1c(C)[nH]c2CCC(CN3CCOCC3)C(=O)c12,0.1408708795905113
CCC(C)C(N)C(=O)NCCN1CCOCC1,0.08259466737508774
CCOC(=O)C1=C(C)NC2=C(C1c1ccc(cc1)-c1ccccc1)C(=O)CC(C)(C)C2,0.4779931724071503
CCC(=O)OC1CCC2C3CCC4CC(=O)C(C)CC4(C)C3CCC12C,0.15650228410959244
CC(C)(C)c1cc(C=C(C#N)C#N)cc(Br)c1O,0.3259815275669098
CCCCC[C@H](O)\C=C\[C@H]1[C@H](O)C[C@H](O)[C@@H]1C\C=C/CCCC(O)=O,0.0811164379119873
N#Cc1cc(ccn1)-c1n[nH]c(n1)-c1ccncc1,0.1537005752325058
Cc1[nH]c(=O)c(cc1-c1ccc2nccn2c1)C#N,0.2589700251817703
Clc1cccc2c(cccc12)S(=O)(=O)N1CCCNCC1,0.2804482996463776
CC(=O)OCC(=O)[C@H]1CC[C@H]2[C@@H]3CCC4=CC(=O)CC[C@]4(C)[C@H]3CC[C@]12C,0.13443924635648727
Cc1nc2CCN(C(=O)c3ccc(NC(=O)c4ccccc4-c4ccccc4)cc3)c3ccccc3-c2[nH]1,0.7474517345428466
CNCCc1cnc[nH]1,0.09037512093782425
CCCCCCNC(=O)Nc1ccc(cc1)S(=O)(=O)Nc1ccc(CCNC[C@H](O)COc2ccc(O)cc2)cc1,0.3791677951812744
c1ccc(cc1)-c1n[nH]c2c1oc1ccccc21,0.48409366607666016
C[Se]CCC(N)C(O)=O,0.11576204150915145
CCCCOc1ccc(CC(=O)NO)cc1,0.15596002638339995
CCS(=O)(=O)Nc1ccc2NC(=O)\C(c2c1)=C(/Nc1ccc(CN2CCCCC2)cc1)c1ccccc1,0.6044699192047119
N#CC[C@H](C1CCCC1)n1cc(cn1)-c1ncnc2[nH]ccc12,0.13331744372844695
COC(=O)\C=C\c1cc(O)ccc1O,0.29625373482704165
N#CC[C@@H](C1CCCC1)n1cc(cn1)-c1ncnc2[nH]ccc12,0.12916698455810546
NC(CCC(O)=O)C=C,0.14685554057359695
C[C@@H]1CCN(C[C@@H]1N(C)c1ncnc2[nH]ccc12)C(=O)CC#N,0.09349670261144638
OCC(S)CS,0.08775731325149536
CC(N\C(Nc1ccncc1)=N\C#N)C(C)(C)C,0.1485648900270462
Cc1[nH]c2ccccc2c1CCNCc1ccc(\C=C\C(=O)NO)cc1,0.48094683289527895
Cn1cc[nH]c1=S,0.20647235512733458
N[C@@H](Cc1ccc(O)c(O)c1)C(O)=O,0.24851993322372437
CCC(C)C(N)C(O)=O,0.14247210025787355
CCCCc1ccc2[nH]c(NC(=O)OC)nc2c1,0.17529418766498567
OC(CC(O)=O)C(O)=O,0.1252670705318451
CC(C)OC(=O)c1cc2c(OCC(O)CNC(C)(C)C)cccc2[nH]1,0.2277479350566864
Cc1[nH]c2ccc(O)cc2c1CCN,0.19473901838064195
C[C@]12CC[C@H]3[C@@H](CC[C@H]4C[C@H](O)CC[C@]34C)[C@@H]1CCC2=O,0.07406022474169731
C[C@]1(O)CC[C@H]2[C@@H]3CC[C@H]4CC(=O)OC[C@]4(C)[C@H]3CC[C@]12C,0.0651524655520916
CCCCN1CCCC1CNC(=O)c1cc(C#N)c2ccccc2c1OC,0.14082301557064056
C[C@]12CCC3[C@@H](CC[C@@H]4C[C@H](O)CC[C@]34C)[C@@H]1CCC2=O,0.08293981924653053
COc1ccc(cc1O)\C=C/c1cc(OC)c(OC)c(OC)c1,0.28263859152793885
CC(C)(N)c1nc(c[nH]1)-c1ccc(OC(F)(F)F)cc1,0.4227325737476349
CCCCOC(=O)C(=C)C#N,0.11888505965471267
C[C@]12CC[C@@H]3[C@@H](CC[C@H]4C[C@@H](O)CC[C@]34C)[C@@H]1CCC2=O,0.07618958353996277
CS(=O)(=O)c1ccc(cc1)C1=C(C(=O)OC1)c1ccccc1,0.4946450710296631
CC(=O)O[C@@H]1C[C@H]2C(C)(C)C(=O)C=C[C@]2(C)[C@H]2CC[C@@]3(C)[C@@H](OC(=O)[C@H]4O[C@@]34[C@]12C)c1ccoc1,0.2993165373802185
N#CN1CCCC1,0.0685271106660366
Oc1ccccc1-c1ccc(cc1)-c1csc2[nH]c(=O)c(C#N)c(O)c12,0.6469643950462342
Cc1ccc2C[C@@H](CCc2c1CCC(O)=O)NS(=O)(=O)c1ccc(Cl)cc1,0.37820616364479065
Oc1ccc(cc1)-c1sc2cc(O)ccc2c1C(=O)c1ccc(OCCN2CCCCC2)cc1,0.4777672111988068
CC(=O)O[C@H]1CC[C@]2(C)[C@H]3CC[C@@]4(C)[C@@H](CCC4=O)[C@@H]3C(=O)C=C2C1,0.13370490670204163
CC(C)[C@H]1CC[C@@H](CC1)C(=O)N[C@H](Cc1ccccc1)C(O)=O,0.12758197635412216
Cc1cccc(C)c1NC(=O)CN1CCCCCC1,0.12922286689281465
C[C@@H](NCCc1ccc(O)cc1)[C@@H](O)c1ccc(O)cc1,0.1280433088541031
CC1(C)[C@@H]2C[C@H]1[C@@](C)(O)[C@@H](O)C2,0.06827736049890518
CC(C)NC[C@H](O)COc1cccc2[nH]ccc12,0.13091222047805787
CCCCCC[C@@H](CCC)C(O)=O,0.08822929412126541
NC(=N)c1ccc(OCCCCCOc2ccc(cc2)C(N)=N)cc1,0.2026406615972519
COc1cc(C=O)ccc1O,0.2702040493488312
CC(N)Cc1ccc(O)cc1,0.17223356068134307
CC(O)CC(O)=O,0.14330179691314698
CC1(C)C2CC1[C@](C)(O)[C@H](O)C2,0.08563046604394912
Nc1c(CC(O)=O)cccc1C(=O)c1ccccc1,0.6090304374694824
COc1ccc(cc1)-c1nc2cc(ccc2[nH]1)C1=NNC(=O)CC1C,0.3062179446220398
COc1ccc(C(=O)CCC(O)=O)c2ccccc12,0.4160462558269501
Cc1cccc(Cc2c[nH]cn2)c1C,0.181296768784523
OS(=O)(=O)c1ccc2[nH]c(nc2c1)-c1ccccc1,0.36239640712738036
Cc1nc[nH]c1-c1ccc(Cl)cc1,0.3089287579059601
CCCSc1ccc2[nH]c(NC(=O)OC)nc2c1,0.2011842131614685
N[C@@H](CS)C(O)=O,0.173189015686512
CC(C)NCC(O)COc1cccc2[nH]ccc12,0.13053884655237197
CN(NC(=O)CC(=O)NN(C)C(=S)c1ccccc1)C(=S)c1ccccc1,0.7181197762489319
CCc1cccc2c3CCOC(CC)(CC(O)=O)c3[nH]c12,0.2641484022140503
Oc1ccccc1C(=O)Nc1ccccc1,0.4186138451099396
C(c1cnc[nH]1)c1ccncc1,0.17303427457809448
CCCCc1ccc(NS(=O)(=O)c2ccc(F)cc2)cc1,0.3503438591957092
Clc1ccc2Oc3ccccc3N=C(N3CCNCC3)c2c1,0.38656301498413087
CC(C)N(CCC(=O)c1ccc2ccccc2c1)Cc1ccccc1,0.3997090280056
NC(=N)c1ccc(cc1)-c1ccc(o1)-c1ccc(cc1)C(N)=N,0.47429718971252444
OB1OCc2cc(Oc3ccc(cc3)C#N)ccc12,0.31659822463989257
C\C(CO)=C/CNc1[nH]cnc2ncnc12,0.09150177389383315
Cc1cccc(C)c1NC(=O)CN1CCCC1=O,0.14382854849100113
C[C@@]12CC[C@H]3C(C)(C)CCC[C@]3(C)[C@H]1CC(=O)O2,0.09837934970855713
Oc1nc2ccccc2n1C1CCN(CCOc2ccccc2)CC1,0.1287642315030098
CC(=O)[C@H]1CCC2C3CC=C4C[C@H](CC[C@]4(C)C3CC[C@]12C)OC(=O)CCC(O)=O,0.20199576020240784
OC(C(O)=O)c1ccccc1,0.26653763353824617
CC(C)(C)C(=O)NCCCC(O)=O,0.10636684000492096
CN(CCOP(O)(O)=O)C(N)=N,0.0853171169757843
OC(=O)c1ccccc1,0.4165866136550903
CC(=O)NCCC(=O)N[C@@H](Cc1c[nH]cn1)C(O)=O,0.14350231140851974
COc1ccc(C(C)=O)c(O)c1,0.2432734876871109
OC(=O)CCNC(=O)c1ccccc1,0.2341593772172928
C[C@]12C=CC3=C4CCC(=O)C=C4CC[C@H]3[C@@H]1CC[C@]2(O)CC=C,0.15821666568517684
Cc1c(Cn2ccnc2)c2ccccc2n1CCC(O)=O,0.2602088272571564
CC(=O)N[C@@H](CS)C(O)=O,0.15926781445741653
CCOc1ccc2nc(sc2c1)S(N)(=O)=O,0.2191010981798172
COC(=O)Nc1nc2cc(SC(C)C)ccc2[nH]1,0.2540482670068741
Nc1cccc(NS(=O)(=O)c2ccc(cc2)-c2ccc(cc2)C#N)n1,0.49784634709358216
OC(=O)[C@H]1CCC[C@H]1C(=O)c1ccc(cc1)-c1ccc(NC(=O)Nc2ccccc2)cc1,0.5976369619369507
ON(CC(Cc1ccccc1)C(O)=O)C(=O)Cc1ccccc1,0.322145077586174
OC(=O)[C@@H]1CCC[C@H]1C(=O)c1ccc(cc1)-c1ccc(NC(=O)Nc2ccccc2)cc1,0.6074586391448975
Oc1ccc(NC(=O)CN2C(=O)c3ccccc3S2(=O)=O)cc1,0.5498792588710785
OC(=O)C\C(=C\C(O)=O)C(O)=O,0.2729927748441696
CCCCCC[C@@H](O)C\C=C/CCCCCCCC(O)=O,0.08497844636440277
Cc1c(C)c2OC(C)(CCc2c(C)c1O)C(O)=O,0.1463574931025505
CC(C)SC(N)=N,0.16245627403259277
CCCCC\C=C/C=C/CCCCCCCCC(O)=O,0.12177267968654633
CC(NC(=O)c1ccccc1\N=C\c1c(O)ccc2ccccc12)c1ccccc1,0.6520999193191528
OC(Cc1ccc(O)c(O)c1)C(O)=O,0.18821990191936494
CCOCCn1c(nc2ccccc12)C1CCN(CCc2ccc(cc2)C(C)(C)C(O)=O)CC1,0.24213649034500123
Oc1ccc2CC3N(CC4CC4)CC[C@@]45[C@@H](Oc1c24)c1[nH]c2ccccc2c1C[C@@]35O,0.206736022233963
COc1cc(ccc1O)C(C)=O,0.2315043807029724
OS(=O)(=O)CCS,0.1036056250333786
N[C@H](Cc1ccc(I)cc1)C(O)=O,0.31675794124603274
NC(=N)NS(=O)(=O)c1ccc(N)cc1,0.2880030065774918
CC(=O)[C@H]1CC[C@H]2[C@@H]3CC[C@H]4C[C@H](O)CC[C@]4(C)[C@H]3C(=O)C[C@]12C,0.08640375584363938
COc1ccccc1C=C(N)N1C[C@H]2[C@@H](C1)C(CCC2=O)(c1ccccc1)c1ccccc1,0.4307628273963928
NCCCCCC(O)=O,0.10411247760057449
OP(O)(F)=O,0.2596504330635071
CC(=C)[C@@H]1CC[C@@]2(CC[C@]3(C)[C@H](CC[C@@H]4[C@@]5(C)CC[C@H](OC(=O)CC(C)(C)C(O)=O)C(C)(C)[C@@H]5CC[C@@]34C)[C@@H]12)C(O)=O,0.25187294483184813
O=c1cc(oc2c(cccc12)-c1ccccc1)N1CCOCC1,0.35823274254798887
C[C@](N)(Cc1ccc(O)cc1)C(O)=O,0.23126726150512694
Cc1cc(C)c(c(C)c1)S(=O)(=O)Nc1cccc(c1)C(F)(F)F,0.5802290201187134
CSc1ccc(cc1)C(=O)c1[nH]c(O)nc1C,0.2544464498758316
COc1cc(ccc1Nc1ncc(Cl)c(Nc2ccccc2NS(C)(=O)=O)n1)N1CCOCC1,0.4685671627521515
C\C1=C/CCC(=C)[C@H]2CC(C)(C)[C@@H]2CC1,0.1256497636437416
C[C@]12CC[C@H]3[C@@H](CCC4=CC(=O)CC[C@]34C)[C@@H]1CC[C@@H]2C(=O)CO,0.08499992787837982
OC(=O)CNC(=O)c1ccccc1,0.2838579833507538
Cc1ccc(cc1)\C=C1\C2CCC(C)(C1=O)C2(C)C,0.2656524419784546
CC(CN1CCCCC1)C(=O)c1ccc(C)cc1,0.10208905041217804
CCOC(=O)CC\C=C/C\C=C/C\C=C/C\C=C/C\C=C/C\C=C/CC,0.16561008393764495
C[C@]12CC[C@H]3[C@@H](CCc4cc(O)ccc34)[C@@H]1CCC2=O,0.12406199276447297
COc1ccc2cc(ccc2c1)-c1nc([nH]c1-c1ccncc1)-c1ccc(cc1)S(C)=O,0.6229715466499328
CC(C)C(=O)c1ccc(O)c(O)c1,0.243414705991745
CCN1CCCC1=O,0.061697229743003845
C[C@]12CC[C@H]3[C@@H](CC[C@H]4CC(=O)CC[C@]34C)[C@@H]1CC[C@@H]2O,0.0730881780385971
CC(C)C[C@H](NC(=O)OCC1c2ccccc2-c2ccccc12)C(O)=O,0.5110745251178741
Cc1c(oc2c(cccc2c1=O)C(=O)OCCN1CCCCC1)-c1ccccc1,0.2689093679189682
CCCCCC\C=C\C=C/CCCCCCCC(O)=O,0.12155960351228715
CC(C)C[C@@H](NC(=O)OCC1c2ccccc2-c2ccccc12)C(O)=O,0.5015537798404693
C\C(CP(O)(O)=O)=C/C(N)C(O)=O,0.20163476169109346
Brc1ccc2[nH]c-3c(CC(=O)Nc4ccccc-34)c2c1,0.661187219619751
CCCCCCCC\C=C\C(O)=O,0.10432608872652054
NS(=O)(=O)c1ccc(NC(=O)Nc2ccc(F)cc2)cc1,0.46319119930267333
CCCCC1C(=O)N(N(C1=O)c1ccc(O)cc1)c1ccccc1,0.4447877943515778
COc1ccc2cc(ccc2c1)C(C)C(=O)Oc1ccc(cc1)C(N)=S,0.6985964417457581
NC1=NCC2N1c1ccccc1Cc1ccccc21,0.40370182394981385
C[C@H](CNC(=O)CC[C@]1(C)[C@@H](CC(N)=O)[C@H]2N=C1\C(C)=C1/N=C(/C=C3\N=C(\C(C)=C4\[C@@H](CCC(N)=O)[C@](C)(CC(N)=O)[C@@]2(C)N4[Co+]C#N)[C@@](C)(CC(N)=O)[C@@H]3CCC(N)=O)C(C)(C)[C@@H]1CCC(N)=O)OP(O)(=O)O[C@@H]1[C@@H](CO)O[C@@H]([C@@H]1O)n1cnc2cc(C)c(C)cc12,0.3723702609539032
CC(=O)Nc1cccc(O)c1,0.29241282641887667
OC(=O)CCC(O)=O,0.15247855335474014
CC1(C)Oc2ccc(cc2[C@@H](OC2=CC(=O)CC2)[C@@H]1O)C#N,0.13984851241111756
COc1c(C)c2COC(=O)c2c(O)c1C\C=C(/C)CCC(O)=O,0.1739143803715706
Fc1ccc(cc1Cl)S(=O)(=O)NCc1ccc(cc1)C(=O)NNC(=O)c1ccccc1,0.7139875769615174
CCOC(=O)CCC\C=C/C\C=C/C\C=C/C\C=C/C\C=C/CC,0.13773805946111678
O=C(Nc1ccccc1)OCC(CN1CCCCC1)OC(=O)Nc1ccccc1,0.24216750264167786
NCCC(=O)NC(Cc1cnc[nH]1)C(O)=O,0.16679907739162445
NC(=N)Nc1ccc(cc1)C(=O)Oc1ccc2cc(ccc2c1)C(N)=N,0.6407572627067566
NC(Cc1ccc(O)cc1)C(O)=O,0.24064085483551026
CC(CN)CC(O)=O,0.14889903664588927
CS(=O)CCCCN=C=S,0.10597525686025619
Cc1ncc[nH]1,0.1262846052646637
CC1CCCC(C)N1NC(=O)c1ccc(Cl)c(c1)S(N)(=O)=O,0.2616614311933517
OC(=O)c1ccccc1S,0.4957862436771393
NNC(=O)CN1c2ccc(Br)cc2C(=NCC1=O)c1ccccc1,0.7040066599845887
CC(S)C(=O)NCC(O)=O,0.16922063380479813
O=C(Nc1cc(nn1-c1ccccc1)-c1ccccc1)c1cccc(c1)C#N,0.5199384033679962
NC(C(O)=O)c1ccc(O)cc1,0.3545488893985748
Cc1cccc(O)c1,0.2183186739683151
CCC[C@@H]1CC2=CC(=O)CC[C@]2(C)[C@H]2CC[C@@]3(C)[C@@H](CC[C@@]3(O)CCC(O)=O)[C@H]12,0.1237142726778984
CCO[C@@H](Cc1ccc(OCCc2ccc(OS(C)(=O)=O)cc2)cc1)C(O)=O,0.2894415110349655
Oc1ccc2C[C@@H]3[C@@H]4CCCC[C@]4(CCN3CC=C)c2c1,0.09383475929498672
C[C@]12CCC3C(CC=C4C[C@@H](O)CC[C@]34C)C1CC=C2n1cnc2ccccc12,0.19007888734340667
CC(C)c1cc(Cc2c(C)cc(OCC(O)=O)cc2C)ccc1O,0.25551101863384246
Cc1ccc(cc1)S(=O)(=O)NCl,0.43211565017700193
CC1(C)C(C=C(Cl)Cl)C1C(=O)OC(C#N)c1cccc(Oc2ccccc2)c1,0.5677263140678406
CCCNc1ccc2ncc(-c3ccc4[nH]ncc4c3)n2n1,0.27409167885780333
CC(=O)O[C@H]1CC[C@]2(C)C3CC[C@@]4(C)C(CCC4=O)C3CC=C2C1,0.14101098030805587
Cc1ccc(CC2(O)CCN(CCOc3ccc(O)cc3)CC2)cc1,0.0882989451289177
C[C@]12C[C@@]3(CC1=O)CC[C@H]1[C@@](C)(CCC[C@@]1(C)C(O)=O)C3CC2,0.12041136473417283
CC1(C)Oc2ccc(cc2[C@@H]([C@H]1O)N(Cc1ncc[nH]1)c1ccc(Cl)cc1)C#N,0.3719141721725464
C[C@H](NC(=O)C(=C\c1ccc(O)c(O)c1)\C#N)c1ccccc1,0.3935485303401947
CC(C)(O)C1CCC(C)(O)CC1,0.07716179639101028
CC(=O)Nc1ccc(O)cc1,0.2780237376689911
CCCCCC\C=C/CCCCCCCC(O)=O,0.10492410063743592
CCCNC(=O)NS(=O)(=O)c1ccc(Cl)cc1,0.24794989824295044
CCOc1ccc(NC(C)=O)cc1,0.20574666559696198
SC(=S)N1CCCC1,0.12500505596399308
CC[C@]12CC[C@H]3[C@@H](CCC4=C\C(CC[C@H]34)=N\O)[C@@H]1CC[C@@]2(OC(C)=O)C#C,0.13480956256389617
CC(=O)NC(Cc1ccc(O)cc1)C(O)=O,0.207319176197052
C[C@]1(O)CC[C@H]2[C@@H]3CC[C@H]4CC(=O)C(C[C@]4(C)[C@H]3CC[C@]12C)C=O,0.11935164779424667
CN(C)NC(=O)CCC(O)=O,0.13788543045520782
CC(=O)[C@H]1CC[C@H]2[C@@H]3CC[C@H]4C[C@H](O)CC[C@]4(C)[C@H]3CC[C@]12C,0.08387304544448852
OC12CC3CC(C1)CC(C3)(C2)NCC(=O)N1CCC[C@H]1C#N,0.048968549072742465
CCCNC(C)(C)COC(=O)c1ccccc1,0.12968846261501313
OC(=O)C(Cc1c[nH]c2ccccc12)NC(=O)c1ccc(Cl)cc1,0.6096493124961853
COc1ccc(Br)cc1S(=O)(=O)NC(=O)\C=C\c1ccccc1Cc1ccc2ccccc2c1,0.8245772242546081
CC#CCC(C)[C@H](O)\C=C\[C@H]1[C@H](O)C[C@@H]2C\C(C[C@H]12)=C/CCCC(O)=O,0.12342336177825927
Nc1ccc(cc1)S(=O)(=O)Nc1cnc2ccccc2n1,0.48224887251853943
CC(c1c[nH]cn1)c1cccc(C)c1C,0.18341702818870545
C[C@]12CCC3C(C=CC4=CC(=O)CC[C@]34C)C1CC[C@@]21CCC(=O)O1,0.14958443492650986
CC(=O)[C@H]1CC[C@H]2[C@@H]3CCC4C[C@H](O)CC[C@]4(C)[C@H]3CC[C@]12C,0.08831274211406707
C[C@]12CC[C@H]3[C@@H](CC[C@H]4C[C@H](O)CC[C@]34C)[C@@H]1CC=C2c1ccccc1,0.15546080470085144
NC(=O)NS(=O)(=O)c1ccc(N)cc1,0.3643546402454376
C[C@]12C[C@H](O)[C@H]3[C@@H](CCC4=CC(=O)CC[C@]34C)[C@@H]1CCC2=O,0.08484292477369308
C\C=C1/C(=O)C[C@H]2[C@@H]3CCC4=CC(=O)CC[C@]4(C)[C@H]3CC[C@]12C,0.13838818669319153
Oc1ccccc1C(=O)Oc1ccccc1,0.46948290467262266
CC[C@]12CC[C@H]3[C@@H](CCC4=C\C(CC[C@H]34)=N\O)[C@@H]1CC[C@@]2(O)C#C,0.10427945256233215
CC1=CC[C@H](C[C@@H]1O)C(C)(C)O,0.0745121493935585
C[C@]12CC(=O)[C@H]3[C@@H](CCC4=CC(=O)CC[C@]34C)[C@@H]1CCC2=O,0.13287676721811295
CC\C(c1ccccc1)=C(/c1ccc(O)cc1)c1ccc(OCCNC)cc1,0.382129031419754
COc1cc(OCc2cccc(-c3ccccc3)c2C)cc(OC)c1CN1CCCC[C@H]1C(O)=O,0.29242026805877686
CC(=O)Nc1ccccc1,0.3284026861190796
OCCN(CCc1c[nH]c2ccccc12)Cc1ccc(\C=C\C(=O)NO)cc1,0.4329823136329651
CC(C)(S)C(=O)N[C@@H](CS)C(O)=O,0.14355008453130721
CC(Oc1c(Cl)cccc1Cl)C1=NCCN1,0.21402649581432343
OC(=O)CC(O)(CC(O)=O)C(O)=O,0.14518717378377916
CC(/C=C/C1=C(C)CCCC1(C)C)=C\C=C\C(C)=C/C(O)=O,0.25338525474071505
CCCOC(=O)c1ccccc1,0.19634738564491272
OS(=O)(=O)CC(S)CS,0.11000582128763199
CC(/C=C/C1=C(C)CCCC1(C)C)=C\C=C\C(C)=C\C(O)=O,0.2562717229127884
C(CN1CCCCC1)Oc1cccc(c1)-c1n[nH]c2ccc(cc12)-c1ncn[nH]1,0.20155567526817322
CC(C)C[C@H](CN)CC(O)=O,0.13589030504226685
COc1ccc(cc1)C(=O)CC(=O)c1ccc(cc1)C(C)(C)C,0.40030563473701475
O=C(NNc1ccccc1)c1ccncc1,0.33824569582939146
CCOc1ccc(cc1)C(=O)OCCN(CC)CC,0.09047868996858596
CCCC[C@@H](CC)COC(=O)C(C#N)=C(c1ccccc1)c1ccccc1,0.3639510810375214
CC(=O)Oc1cccc(O)c1,0.32949317097663877
N[C@H](C(=O)N1[C@H]2C[C@H]2C[C@H]1C#N)C12CC3CC(CC(O)(C3)C1)C2,0.06296580508351327
CCC(=O)NS(=O)(=O)c1ccc(cc1)-c1c(C)onc1-c1ccccc1,0.45593100786209106
Oc1c(I)cc(I)cc1I,0.40760462284088134
Nc1ccc(cc1)S(=O)(=O)Nc1ccnn1-c1ccccc1,0.4881601452827454
CN1CCCC1=O,0.06988546401262283
CC(C(O)=O)c1ccc-2c(Cc3ccccc-23)c1,0.5155705094337464
C[C@]12CC[C@H]3[C@@H]([C@H]4C[C@H]4C4=CC(=O)CC[C@]34C)[C@@H]1[C@@H]1C[C@@H]1[C@@]21CCC(=O)O1,0.12012244313955307
Cn1cc(C(=O)[C@@H]2CCc3nc[nH]c3C2)c2ccccc12,0.2766913712024689
Oc1ccc(cc1O)\C=C(/C#N)C(=O)NCc1ccccc1,0.3706990420818329
CN1[C@H](C[C@H](O)c2ccccc2)CCC[C@@H]1CC(=O)c1ccccc1,0.13342120349407197
CCNC1=Nc2ccc(Cl)cc2C(C)(O1)c1ccccc1,0.48529446721076963
C[C@H]1C[C@H]2[C@@H]3CC[C@](O)(C(C)=O)[C@@]3(C)CC[C@@H]2[C@@]2(C)CCC(=O)C=C12,0.10697390288114547
CN1[C@H]2CC[C@@H]1C[C@@H](C2)OC(=O)c1c[nH]c2ccccc12,0.1805899202823639
C[N+](C)(C)[C@@H](Cc1c[nH]c(=S)[nH]1)C(O)=O,0.12516239583492278
Brc1cccc(c1)C1=NCC(=O)Nc2c1oc1ccccc21,0.6616871356964111
OC(=O)CCCCC(O)=O,0.10255622267723083
C[C@]12CCC3C(CCc4cc(OC5CCCC5)ccc34)C1CC[C@@]2(O)C#C,0.16550390124320985
COc1ccc2NC(=O)\C(=C/c3c[nH]cn3)c2c1,0.39830357432365415
COc1ccccc1OCCNCC(O)COc1cccc2[nH]c3ccccc3c12,0.3789756417274475
COc1cc(CC=C)ccc1O,0.19793387949466706
CCCCC\C=C/C[C@@H](O)\C=C\C=C\C=C/[C@@H](O)CCCC(O)=O,0.1128788247704506
CCOC(=O)c1ccc(O)cc1,0.2140667259693146
C[C@@H]([C@@H](O)c1ccc(O)cc1)N1CCC(O)(CC1)c1ccccc1,0.08496273905038834
C1CCC(CC1)Nc1nc(Nc2ccc(cc2)N2CCOCC2)nc2[nH]cnc12,0.22671619355678557
OC(=O)Cc1cccc2c1oc(cc2=O)-c1ccccc1,0.5646336555480957
C[C@]1(CCCN1)c1nc2c(cccc2[nH]1)C(N)=O,0.18573347926139833
OCCOCCN1CCN(CC1)C1=Nc2ccccc2Sc2ccccc12,0.25606954395771026
CCCCC1=NC2(CCCC2)C(=O)N1Cc1ccc(cc1)-c1ccccc1-c1nnn[nH]1,0.4261614501476288
OC(c1ccc(cc1)N(CC(F)(F)F)S(=O)(=O)c1ccccc1)(C(F)(F)F)C(F)(F)F,0.7783386826515197
CC(=O)CC(O)=O,0.2523788034915924
NC(=N)c1ccc(cc1)\C=C\c1ccc(cc1O)C(N)=N,0.43740838170051577
CCCCC\C=C/C\C=C/C\C=C/C\C=C/CCCC(O)=O,0.1553118497133255
NS(=O)(=O)c1cc2c(NCNS2(=O)=O)cc1C(F)(F)F,0.4982382893562317
NS(=O)(=O)c1cc(cc(N2CCCC2)c1Oc1ccccc1)C(O)=O,0.4315858781337738
O=C1NCC2(CCN(CCc3ccccc3)CC2)O1,0.08176479935646057
COc1cc(C)c(\C=C\C(C)=C\C=C\C(C)=C\C(O)=O)c(C)c1C,0.3326930582523346
Oc1ccc(NC(=O)c2ccccc2O)cc1,0.44635286927223206
COC(=O)Nc1nc2ccc(cc2[nH]1)S(=O)c1ccccc1,0.4573193073272705
CCCCCCCC(O)=O,0.09716115593910217
OP(O)(=O)CP(O)(O)=O,0.13474324196577073
CC(COc1ccccc1Cc1ccccc1)N1CCCCC1,0.11756663322448731
COc1c(cc(cc1C(C)(C)C)-n1ccc(=O)[nH]c1=O)-c1ccc2cc(NS(C)(=O)=O)ccc2c1,0.7179754853248597
CC(=O)[C@@]1(O)CCC2C3CCC4=CC(=O)CC[C@]4(C)C3CC[C@]12C,0.11044905930757523
CCCCNNC(=O)c1ccc(Br)cc1,0.20857629477977752
COC(=O)[C@H](CCCNC(N)=N)NS(=O)(=O)c1ccc(C)cc1,0.12126618921756745
C[C@]12CC[C@H]3[C@@H](CC=C4C[C@@H](O)CC[C@]34C)[C@@H]1CCC2=O,0.07940213233232499
C1CN=C(N1)c1cc2ccccc2cn1,0.2202022522687912
OC(=O)\C=C\c1ccc(cc1)-c1ccc(O)c(c1)C12CC3CC(CC(C3)C1)C2,0.34900123476982114
OC(CNCCNC(=O)Nc1ccccc1)COc1ccccc1C#N,0.15786810368299484
CN(C)N(C)C(=O)[C@@]1(Cc2ccccc2)CCCN(C1)C(=O)[C@@H](Cc1c[nH]c2ccccc12)NC(=O)C(C)(C)N,0.4156491756439209
CONC(=N)c1ccc(cc1)-c1ccc(o1)-c1ccc(cc1)C(=N)NOC,0.4989081799983978
CS(=O)(=O)Nc1ccc(Cc2noc(n2)-c2ccc3[nH]cc(CCN)c3c2)cc1,0.4900804340839386
Clc1ccc(CNC(=N)SCCCc2c[nH]cn2)cc1,0.14233269393444062
NCC(CC(O)=O)c1ccccc1,0.23327045440673827
CCCS(=O)c1ccc2nc(NC(=O)OC)[nH]c2c1,0.1922934979200363
CC1(C)Oc2ccc(cc2[C@H]([C@@H]1O)N1CCCC1=O)C#N,0.10657136291265487
CC(=C)CN1CC[C@@]23[C@H]4Oc5c2c(CC1[C@]3(O)Cc1c4[nH]c2ccccc12)ccc5O,0.2924917459487915
Clc1ccc2Nc3ccccc3C(=Nc2c1)N1CCNCC1,0.43734872341156006
CN\C(NC#N)=N/c1ccc(cc1)C1=NNC(=O)CC1C,0.15600425750017166
COc1ccc2[nH]c(I)c(CCNC(C)=O)c2c1,0.23613748252391814
NC(Cc1c[nH]c2ccc(O)cc12)C(O)=O,0.33724708259105685
Oc1ccc(cc1)[C@@H]1CC(=O)c2ccc(O)cc2O1,0.40487760305404663
CCCCC\C=C/C\C=C/CCCCCCCC(O)=O,0.11961756199598313
NC(=N)SCCc1c[nH]cn1,0.10132282972335815
CC(C)C[C@H](NC(C)=O)C(O)=O,0.13308737128973008
C[C@]12CC[C@H]3[C@@H](CC(=C)C4=CC(=O)C=C[C@]34C)[C@@H]1CCC2=O,0.15944994986057281
COc1cc(ccc1O)C(=S)N1CCOCC1,0.15195750296115876
OC(=O)CCCCCCCCC(O)=O,0.09300270676612854
NC(=N)SCCCC#N,0.08409388437867164
COc1c(C)c2COC(=O)c2c(O)c1C\C=C(/C)CCC(=O)OCCN1CCOCC1,0.16602057814598084
Oc1cccc(O)c1,0.2688762754201889
OC1O[C@H](COP(O)(O)=O)[C@@H](O)[C@H](O)[C@H]1O,0.0797351561486721
Oc1ccc(O)cc1,0.26654339134693145
C[C@]12CCC3C(CCC4=Cc5oncc5C[C@]34C)C1CC[C@@]2(O)C#C,0.16321803331375123
CC1(C)[C@@H]2CC[C@@]1(C)C(=O)C2,0.1138697937130928
OC(=O)CCCc1ccccc1,0.19523154199123383
CC1(C)[C@@H]2CC[C@]1(C)C(=O)C2,0.12272160798311234
OC(CCN1CCCCC1)(C1CC2CC1C=C2)c1ccccc1,0.08508247435092926
COc1cc(ccc1O)\C=C1/CCC\C(C1=O)=C/c1ccc(O)c(OC)c1,0.3281040906906128
CC(=O)[C@H]1CC[C@H]2[C@@H]3CC[C@H]4C[C@](C)(O)CC[C@]4(C)[C@H]3CC[C@]12C,0.10829058140516282
C[C@H]1CC2C3CCC(C(C)=O)C3(C)CC(O)C2C2(C)CCC(=O)C=C12,0.11562737673521042
CC(COc1ccccc1)NC(C)[C@H](O)c1ccc(O)cc1,0.15303933769464492
CCCCC\C=C/C\C=C/C\C=C/CCCCCCC(O)=O,0.137057363986969
COc1ccc(cc1OC)\C=C\C(=O)CC(=O)\C=C\c1ccc(OC)c(OC)c1,0.4563291668891907
CCCC[C@@H](CC)COC(=O)\C=C\c1ccc(OC)cc1,0.11979896575212479
OC(=O)Cc1ccc(cc1)-c1ccccc1,0.43356349468231203
CC(O)(CC(O)=O)CC(O)=O,0.1581768736243248
CC(=O)CC\C=C(/C)CC\C=C(/C)CC\C=C(/C)CCC=C(C)C,0.1480434849858284
NCCc1c[nH]c2ccc(O)cc12,0.2282823443412781
CCCCC(=O)NCCc1c(Cc2ccccc2)[nH]c2ccccc12,0.30872741639614104
OC12CC3CC(C1)C(=O)C(C3)C2,0.0756312869489193
Cc1cc(C)c(c(C)c1)S(=O)(=O)Nc1ccccc1C(F)(F)F,0.5785041689872742
C[C@]12CC[C@H]3[C@@H](C=CC4=CC(=O)CC[C@]34C)[C@@H]1CC[C@@]2(O)CCC(O)=O,0.12650076895952225
C[C@]12CC[C@H]3[C@@H](CC[C@@]45O[C@@H]4C(=O)C(C[C@]35C)C#N)[C@@H]1CC[C@@H]2O,0.07020290493965149
O=S1(=O)CCN(CN2CCS(=O)(=O)NC2)CN1,0.05476383194327354
CC(=O)[C@H]1CC[C@H]2[C@@H]3CCC4=CC(=O)CC[C@]4(C)[C@H]3[C@H](O)C[C@]12C,0.09127002358436584
C(COCc1ccccc1)Cc1cnc[nH]1,0.12675727754831315
Nc1ccc(cc1)-c1nc2ccc(cc2[nH]1)-c1nc2ccc(N)cc2[nH]1,0.5174631893634796
CCCCS(=O)(=O)N[C@@H](Cc1ccc(OCCCCC2CCNCC2)cc1)C(O)=O,0.09170342683792114
N[C@H](Cc1ccccc1)C(O)=O,0.26055396497249605
CC(C)NCC(O)COc1ccccc1CC=C,0.10838241279125213
CC(=N)NCc1cccc(CN)c1,0.1495579406619072
CCCOC(=O)c1ccc(O)cc1,0.18632565438747406
OC(=O)[C@@H](Cc1ccc(O)c(O)c1)OC(=O)\C=C\c1ccc(O)c(O)c1,0.44148190021514894
CCCCCC(O)CCCC(O)=O,0.06680850684642792
NS(=O)(=O)c1cc2c(cc1Cl)N=CNS2(=O)=O,0.46445136666297915
NS(=O)(=O)c1cc2c(cc1Cl)N=C(CSCc1ccccc1)NS2(=O)=O,0.5790472626686096
OP(O)(=O)O[C@H]1[C@H](OP(O)(O)=O)[C@@H](OP(O)(O)=O)[C@H](OP(O)(O)=O)[C@H](OP(O)(O)=O)[C@@H]1OP(O)(O)=O,0.25604313611984253
CS(=O)(=O)Nc1c(O)ccc2C(CCCc12)=C1NCCN1,0.20328327119350434
CCc1oc2ccccc2c1C(=O)c1ccc(OCC(O)=O)cc1,0.5765205383300781
COC(=O)c1ccc(O)cc1,0.2762511372566223
CCCCCCCN(CC)CCCC(O)c1ccc(NS(C)(=O)=O)cc1,0.12568633556365966
CC(C)=CCCC(C)(O)C=C,0.11811569035053253
C=CCN=C=S,0.19996974766254424
COc1cc(OC)c(\C=C\S(=O)(=O)Cc2ccc(OC)c(OP(O)(O)=O)c2)c(OC)c1,0.45151433944702146
Oc1cccc(c1)-c1c2CCc(n2)c(-c2cccc(O)c2)c2ccc([nH]2)c(-c2cccc(O)c2)c2ccc(n2)c(-c2cccc(O)c2)c2ccc1[nH]2,0.7601698637008667
COc1cc2N=C3NNC(C)=C3N=C(c3ccccc3Cl)c2cc1F,0.5113526463508606
CCOCCOC(=O)\C=C\c1ccc(OC)cc1,0.154272398352623
CCS(=O)(=O)N(Cc1cccnc1)c1cccc(c1)-c1ccc(cc1)C#N,0.4309082806110382
COc1ccc(cc1)S(=O)(=O)N1CCC[C@H]1C(=O)Nc1cc(C)cc(C)c1,0.24499707520008088
Oc1ccc(\C=C\C(=O)OCCc2ccccc2)cc1O,0.30672296285629275
O=C(OCCN1CCOCC1)C1(CCCCC1)c1ccccc1,0.1559535652399063
Cc1ccc(O)cc1,0.22097929418087006
Oc1ccc2ccccc2c1Cc1c(O)ccc2ccccc12,0.5142438590526581
CCC(=O)O[C@H]1CCC2C3CCC4=CC(=O)CC[C@]4(C)C3CC[C@]12C,0.13315531313419343
NS(=O)(=O)c1ccc(cc1)S(=O)(=O)Nc1cccc2c(Cl)c[nH]c12,0.7131553530693054
CC(=O)OC1CC2CCC1(C)C2(C)C,0.1218453049659729
OC[C@@H](NS(=O)(=O)c1ccc(Cl)s1)C(C(F)(F)F)C(F)(F)F,0.32651416659355165
COC(=O)Nc1nc2ccc(Sc3ccccc3)cc2[nH]1,0.4229299366474152
Cn1cc(C(=O)OCC2CCN(CCNS(C)(=O)=O)CC2)c2ccccc12,0.12893441170454026
CC(C)C[C@H](N)C(O)=O,0.1531542345881462
N#Cc1ccc(cc1)C1CCCc2cncn12,0.201447194814682
COc1cc(\C=C\C(O)=O)ccc1O,0.2739537596702576
CCCCOC(=O)c1ccc(O)cc1,0.15446097552776336
CCCC(CCC)C(O)=O,0.0952496737241745
CC(N)Cc1c[nH]c2ccc(O)cc12,0.23494016230106354
CC(C)Oc1ccc(Cc2ccc(NC3=NCCN3)cc2)cc1,0.17212449610233307
C#CCN[C@@H]1CCc2ccccc12,0.17253762483596802
O=C(NC1CCN(CCc2c[nH]c3ccccc23)CC1)c1ccccc1,0.2468940019607544
CC(=O)N[C@@H](Cc1ccccc1)C(O)=O,0.21140951216220855
CC(=O)[C@H]1CC[C@H]2[C@@H]3C=CC4=CC(=O)CC[C@@]4(C)[C@@H]3CC[C@]12C,0.1347108766436577
CN1CCCN=C1\C=C\c1sccc1C,0.16821309328079223
CC(C)(C)C(=O)Oc1ccc(cc1)S(=O)(=O)Nc1ccccc1C(=O)NCC(O)=O,0.575936096906662
COc1ccc(O)cc1,0.20494072437286376
COc1ccc2cc(CCC(C)=O)ccc2c1,0.26336579620838163
COc1ccc(OC)c(c1)C1c2c(OC(N)=C1C#N)[nH]nc2-c1ccc2ccccc2c1,0.6471068620681762
CC(=O)NCCc1c(Cc2ccccc2)[nH]c2ccccc12,0.34355926513671875
CCCCC[C@H](O)\C=C\C=C/C\C=C/C\C=C/CCCC(O)=O,0.1254679247736931
OC(=O)[C@@H](S)[C@@H](S)C(O)=O,0.18077743649482728
NS(=O)(=O)Cc1noc2ccccc12,0.26144492626190186
Cc1onc(c1-c1ccc(cc1)S(N)(=O)=O)-c1ccccc1,0.41861063838005064
Oc1ccc(CC=C)cc1-c1cc(CC=C)ccc1O,0.32386356592178345
C[C@H](CS)C(=O)N1CCC[C@H]1C(O)=O,0.08358340114355087
CC(C)(C)c1ccc2cc(C#N)c(cc2c1)C#N,0.35852937698364257
OC(=O)CCCCCCCC(O)=O,0.09002119153738022
N[C@H]1C[C@@H]1c1ccc(cc1)-c1cccc(O)c1,0.23249141573905946
CC(C)=CCC[C@](C)(O)[C@H]1CCC(C)=CC1,0.08648059070110321
C1C[C@@H](Nc2nc3ccccc3[nH]2)c2ccccc2C1,0.28414438366889955
C[C@]12CC[C@H]3[C@@H](CCC4=CC(=O)C=C[C@]34C)[C@@H]1CCC(=O)O2,0.12167191952466964
COc1ccc(\C=C\c2cc(OC)cc(OC)c2)c(OC)c1,0.3142859756946564
CCN1CCCC1CNC(=O)c1cc(ccc1OC)S(N)(=O)=O,0.09666364043951034
CCN1CCC[C@H]1CNC(=O)c1cc(ccc1OC)S(N)(=O)=O,0.09407763630151748
Oc1cc(O)cc(O)c1,0.2910255461931229
COc1ccc(cc1OP(O)(O)=O)\C=C/c1cc(OC)c(OC)c(OC)c1,0.4090178310871124
COc1ccc(C(=O)c2ccc(C)cc2)c(O)c1,0.32226109504699707
O=C(OCc1ccccc1)c1ccccc1,0.3589290797710419
CCN(CC)C(S)=S,0.1568291649222374
COc1ccc(cc1)C(=O)c1c(C)n(CCN2CCOCC2)c2ccccc12,0.3262821853160858
CC1Cc2ccccc2N1NC(=O)c1ccc(Cl)c(c1)S(N)(=O)=O,0.6576050877571106
CNS(=O)(=O)Cc1ccc2[nH]cc(CCN(C)C)c2c1,0.18273901343345642
O=C(NC1CC1)Nc1c[nH]nc1-c1nc2cc(CN3CCOCC3)ccc2[nH]1,0.22027896344661713
NC(=O)c1ccc2[nH]ccc2c1,0.45162782073020935
OC(=O)CCCCCCCCC=C,0.10708263367414475
COc1ccc(cc1OC1CCCC1)C1(CCC(CC1)C(O)=O)C#N,0.1082074373960495
CCN[C@@H]1C[C@H](C)S(=O)(=O)c2sc(cc12)S(N)(=O)=O,0.20204629600048066
Oc1ccc(cc1)[C@H]1COc2cc(O)ccc2C1,0.23149828612804413
CC(=O)[C@H]1CC[C@H]2[C@@H]3CC=C4C[C@@H](O)CC[C@]4(C)[C@H]3CC[C@]12C,0.08892386555671691
C[C@H](c1cnc[nH]1)c1cccc(C)c1C,0.18882427513599395
CCCOc1ccc2nc(NC(=O)OC)[nH]c2c1,0.18610280454158784
C[C@H]1C2Cc3ccc(O)cc3[C@@]1(C)CCN2CC=C,0.10208861380815507
C[N+](C)(C)CCOP(O)(=O)OC[C@H](O)CO,0.08293408676981925
CN(CCOc1ccc(NS(C)(=O)=O)cc1)CCc1ccc(NS(C)(=O)=O)cc1,0.26454441249370575
CC(C)Cc1ccc(cc1)[C@H](C)C(O)=O,0.2393411546945572
CC(C)Cc1ccc(cc1)C(C)C(O)=O,0.23722878992557525
CCCCC\C=C/C\C=C/C\C=C/CCCCC(O)=O,0.1302107483148575
CC\C=C/C\C=C/C\C=C/C\C=C/C\C=C/CCCC(O)=O,0.16829212307929992
Cc1cc(C)n(n1)-c1cccc(c1)[C@@H](CN1CC[C@@H](CCC2=CC=C3CCCN=C3N2)C1)CC(O)=O,0.24265796840190887
OC(=O)C(=C\c1cn(-c2ccccc2)c2ccccc12)\C#N,0.5790279388427735
Oc1ccc(cc1)[C@@H]1Oc2ccc(O)cc2[C@@H]2CCC[C@H]12,0.23283615410327912
COC(=O)Nc1nc2ccc(cc2[nH]1)C(=O)c1ccccc1,0.48436482548713683
CCCN1CCC[C@@H](C1)c1cccc(O)c1,0.06060502156615257
COc1cc(ccc1O)\C=C\C(=O)CC(=O)\C=C\c1ccc(O)c(OC)c1,0.43850775957107546
CC12C[C@H](O)C3C(CCC4=CC(=O)CCC34C)C1CC[C@]2(O)C(=O)COP(O)(O)=O,0.16329716742038727
C[C@]12CCC3C(CCC4=CC(=O)CC[C@]34C)C1CC[C@@H]2O,0.09005400240421295
OC(=O)\C=C\c1ccc(O)c(O)c1,0.3577495038509369
CCC(C(O)=O)c1ccc(CC(C)C)cc1,0.21461415886878968
CC(C)(C)NCC(O)COc1cccc2[nH]c(O)nc12,0.1250618278980255
Oc1ccc(cc1O)\C=C(/C#N)C(=O)Nc1ccccc1,0.46640745401382444
CC(C)=CCOc1ccc(\C=C\C(=O)c2ccc(OCC=C(C)C)cc2OCC(O)=O)cc1,0.5805024027824401
CCS(=O)(=O)N1CC(CC#N)(C1)n1cc(cn1)-c1ncnc2[nH]ccc12,0.17880223989486693
CC(C)NCC(O)COc1cccc2[nH]c3ccccc3c12,0.23278533518314362
CC(=O)c1ccc(cc1)S(=O)(=O)NC(=O)NC1CCCCC1,0.20164605379104614
Oc1cc(O)cc(c1)\C=C\c1ccc(O)c(O)c1,0.3886737287044525
COc1ccc(cc1)\C=C\C(=O)OCCC(C)C,0.1495092272758484
CC(=O)NCCc1c[nH]c2ccccc12,0.23730707466602324
CCS(=O)(=O)N(C)[C@@H]1[C@@H](O)C(C)(C)Oc2ccc(cc12)C#N,0.09441420137882232
OC(=O)Cc1ccc(CCNS(=O)(=O)c2ccc(Cl)cc2)cc1,0.37108667492866515
OC(=O)C1CCCN(CCC=C(c2ccccc2)c2ccccc2)C1,0.19794920086860657
CCN(CC)S(=O)(=O)c1ccc(cc1)C(O)=O,0.18772078454494476
CCC1(Cc2ccccc2O1)c1ncc[nH]1,0.17869204878807068
CCCN(CCC)S(=O)(=O)c1ccc(cc1)C(O)=O,0.18177324831485747
C[C@]12CC[C@H]3[C@@H](CCC4=CC(=O)CC[C@H]34)[C@@H]1CC[C@@H]2O,0.07192616239190101
CC\C=C/C\C=C/C\C=C/CCCCCCCC(O)=O,0.13002583384513855
CC(=N)NCCCC[C@H](N)C(O)=O,0.0944693148136139
C1CN=C(N1)c1ccc2ccccc2n1,0.1938874363899231
CCCN1CCO[C@@H]2[C@@H]1COc1ccc(O)cc21,0.13324397504329683
C[C@]1(O)CC[C@H]2[C@@H]3CCC4=CC(=O)CC[C@]4(C)[C@H]3CC[C@]12C,0.10245455354452133
CCCCOc1ccc(OCCCN2CCOCC2)cc1,0.09486247450113297
Oc1cccc(c1)-c1c2ccc(n2)c(-c2cccc(O)c2)c2ccc([nH]2)c(-c2cccc(O)c2)c2ccc(n2)c(-c2cccc(O)c2)c2ccc1[nH]2,0.7806687235832215
CNNCc1ccc(cc1)C(=O)NC(C)C,0.1716260313987732
OC(=O)CCc1ccc(NCc2cccc(Oc3ccccc3)c2)cc1,0.4792813897132874
COc1ccc2[nH]cc(CCNC(C)=O)c2c1,0.17802212238311768
N[C@H](Cc1c[nH]cn1)C(O)=O,0.16925458163022994
CS(=O)(=O)N(CC(O)Cn1c2ccccc2c2ccccc12)Cc1ccco1,0.3716136753559113
O[C@@H]1[C@@H](COP(O)(O)=O)OC(O)(COP(O)(O)=O)[C@H]1O,0.08554232865571976
NS(=O)(=O)c1nn2cc(nc2s1)-c1ccccc1,0.35771777033805846
COc1ccc(C(=O)c2ccccc2O)c(O)c1,0.4101469278335571
CC(C(O)=O)c1ccc(CC2CCCC2=O)cc1,0.18273009061813356
CCC(C)(C)C(O)=O,0.12505944222211837
CC(C)(c1ccc(O)cc1)c1ccc(O)cc1,0.283640119433403
COc1ccc2[nH]c(c(CCNC(C)=O)c2c1)-c1ccccc1,0.308756548166275
CC1CCN=C(N)S1,0.09887274950742722
CC(=O)[C@H]1CC[C@H]2[C@@H]3CCC4=CC(=O)CC[C@]4(C)[C@H]3CC[C@]12C,0.11818909347057342
OC(=O)C(\C#N)=C\c1ccc(O)cc1,0.3558970034122467
CC(Cc1ccccc1)N(C)CC#C,0.13405639231204985
C[C@]12C[C@H](O)C3C(CCC4=CC(=O)C=C[C@]34C)C1CC[C@]2(O)C(=O)COP(O)(O)=O,0.20580925047397614
COC(=O)Nc1nc2ccccc2[nH]1,0.2707219928503036
NC1=NC(=O)\C(S1)=C\c1ccc(O)cc1,0.3562240839004517
COc1cc(O)c(cc1C=CC(=O)c1ccc(O)cc1)C(C)(C)C=C,0.4286623537540436
Oc1[nH]c2ccc(cc2c1-c1ccc(CN2CCOCC2)cn1)C#N,0.19728505611419678
OC(=O)\C=C\c1ccc(O)cc1,0.3502841114997864
CCCCOc1ccc(cc1)C(=O)CCN1CCCCC1,0.07286710068583488
OC(=O)CCC(CCCS)C(O)=O,0.09471491128206252
COc1ccc(C(=O)c2ccccc2)c(O)c1,0.3540176570415497
COc1cc(OC)cc(c1)C(=O)NNC(=O)Nc1cccc2ccccc12,0.5716710090637207
OC(=O)\C=C\c1ccc(Cn2ccnc2)cc1,0.3085936069488525
Oc1ccc(OCc2ccccc2)cc1,0.25508832931518555
OC(=O)CNC(=O)C(CS)Cc1ccccc1,0.19321583360433578
NS(=O)(=O)c1ccc(cc1)C(O)=O,0.38636990189552306
CCOc1ccccc1OCC1CNCCO1,0.09836634993553162
c1nc(cs1)-c1nc2ccccc2[nH]1,0.26349660456180574
COc1ccc(cc1)-c1nc([nH]c1-c1ccc(OC)cc1)-c1ccc(o1)-c1cccc(Cl)c1,0.5949986338615417
COc1ccc2[C@H]3CC[C@@]4(C)[C@@H](CC[C@@]4(O)C#C)[C@@H]3CCc2c1,0.11420748829841613
CC[C@@H]([C@@H](CC)c1ccc(O)cc1)c1ccc(O)cc1,0.16596057116985322
COC1(COc2ccccc2O1)C1=NCCN1,0.14967576712369918
CCCCNc1cc(cc(c1Oc1ccccc1)S(N)(=O)=O)C(O)=O,0.458560574054718
CCC(=O)c1ccc(O)cc1,0.22112115025520324
CC(C)(S)C(N)C(O)=O,0.20719391703605652
CN(C)CCc1c[nH]c2ccc(CS(=O)(=O)N3CCCC3)cc12,0.149684277176857
CC=CC=CC(O)=O,0.2341276526451111
Oc1ccc(C(=O)\C=C\c2ccc(O)c(O)c2)c(O)c1,0.5032304644584655
CCCC(O)=O,0.13228194117546083
Ic1ccc(CCNC(=N)SCCCc2c[nH]cn2)cc1,0.1524408370256424
NNC(=O)CC#N,0.16652917563915254
O[C@@H](CNCCOc1ccc(OCC(O)=O)cc1)COc1ccccc1,0.1820654720067978
O=C(Nc1ccc2[nH]ccc2c1)c1ccccc1,0.5368323743343353
CC(C)=CC1C(C(=O)OCc2cccc(Oc3ccccc3)c2)C1(C)C,0.35952054262161254
Oc1ccc(C=C(C#N)C#N)cc1O,0.30615219175815583
CC(C)(S)[C@@H](N)C(O)=O,0.19892041981220246
CC(C)(C)c1cc(C=C(C#N)C#N)cc(c1O)C(C)(C)C,0.2560567408800125
OC(=O)CC(S)C(O)=O,0.19044637084007263
OC(=O)C(=O)Cc1c[nH]c2ccccc12,0.4530851781368256
CC(C)=CCC\C(C)=C\CC\C(C)=C\C=C\C(C)=C\C(O)=O,0.22136232554912566
CCCN(CCC)C(=O)C1=Cc2ccc(cc2N=C(N)C1)-c1ccc(cc1)C(=O)N1CCCC1,0.39161291122436526
CC(C)N(CCc1c[nH]c2ccccc12)C(C)C,0.20084762573242188
COC(=O)c1sccc1S(=O)(=O)Nc1ccc(Nc2ccccc2)cc1OC,0.7084069132804871
C[C@]12CCC3=C4CCC(=O)C=C4CC[C@H]3[C@@H]1CC[C@@]2(O)CC#N,0.09631885141134262
OC1(N2CCN=C2c2ccccc12)c1ccc(Cl)cc1,0.4913568913936615
O=C1Nc2ccccc2C2=NC(CN3CCN(CC3)c3ccccc3)CN12,0.4193019151687622
CCC1(Cc2ccccc2C1)c1cnc[nH]1,0.20593196153640747
S=C=NCCc1ccccc1,0.2286029189825058
S=C(NC1CCCCC1)N1CCC(CC1)c1c[nH]cn1,0.05674978196620941
C[C@@](Cc1ccc(O)c(O)c1)(NN)C(O)=O,0.20246341228485107
CC12CCC3C(CCC4CC(=O)CCC34C)C1CC=C2,0.12694229632616044
CC(=O)NS(=O)(=O)c1ccc(N)cc1,0.35032262802124026
Oc1ccc(cc1CC=C)-c1cc(CC=C)ccc1O,0.3127716243267059
CC(C)[C@H](NS(=O)(=O)c1ccc(cc1)-c1ccc(Br)cc1)C(O)=O,0.47167155146598816
CS(=O)(=O)Nc1cc2occ(NC=O)c(=O)c2cc1Oc1ccccc1,0.602649199962616
CN1CCC(CC1)c1c[nH]c2ccc(O)cc12,0.10765108317136765
O=C1NS(=O)(=O)c2ccccc12,0.44534247517585757
CN(CC#C)Cc1ccccc1,0.1796768546104431
CCCNCCc1ccc(NS(=O)(=O)c2ccc(OC(F)(F)F)cc2)cc1,0.5863107085227967
CC\C=C/C\C=C/C\C=C/C\C=C/C\C=C/C\C=C/CCC(O)=O,0.19813948273658752
CCOC(=O)Nc1nc2ccccc2[nH]1,0.23088501989841462
CC(=O)NC1C(=O)Nc2ccccc2C(=N1)c1ccccc1,0.5399161756038666
CC(C)(C)NCC(O)COc1cccc2[nH]c(cc12)C#N,0.14611642360687255
Oc1ccc(cc1)C1=Cc2ccc(O)cc2OC1,0.36018887758255
S=C=NCc1ccccc1,0.2841755449771881
NS(=O)(=O)c1ccc2NC(C3CC=CC3c2c1)c1ccc(Br)cc1,0.5956427335739136
CC(C)CN(C[C@@H](OP(O)(O)=O)[C@H](Cc1ccccc1)NC(=O)O[C@H]1CCOC1)S(=O)(=O)c1ccc(N)cc1,0.46715072393417356
CC12CCC3C(=CCc4cc(O)ccc34)C1CCC2=O,0.1685796856880188
O=CC=Cc1ccccc1,0.41121636629104613
CC(C)(C)c1ccc(cc1)-c1nc2ccccc2[nH]1,0.3115939736366272
S=C=Nc1cccc(c1)C1(CCCCC1)N1CCCCC1,0.16894180327653885
COc1ccc(cc1)-c1oc2cc(OC)ccc2c1C(=O)c1ccc(cc1)C#N,0.5683732628822327
CC1CCN(CC[C@H]2CCCN2S(=O)(=O)c2cccc(O)c2)CC1,0.05871147736907005
C1CN2C[C@@H](N=C2S1)c1ccccc1,0.1720712810754776
CC(C(O)=O)c1cccc(c1)C(=O)c1ccccc1,0.46532910466194155
Oc1ccc2ccccc2c1,0.36658129692077634
C[C@]12CC[C@H]3[C@@H](CCc4cc(O)ccc34)[C@@H]1CC[C@@]2(O)C#C,0.12498321980237961
CC(=O)N(O)C\C=C\c1cccc(Oc2ccccc2)c1,0.3667048752307892
Cc1cccc(C)c1NC1=NCCCS1,0.13502461612224578
C1CN2CC(N=C2S1)c1ccccc1,0.18075620830059053
C=CC(=O)c1ccc2ccccc2c1,0.5192917704582214
CC(=O)O[C@H]1CC[C@@H]2[C@H]3CC[C@@]4(C)[C@@H](CC[C@@]4(OC(C)=O)C#C)[C@@H]3CCC2=C1,0.15307839810848237
C1CC1C(NC1=NCCO1)C1CC1,0.04181160926818848
O=C(C1CC1)c1ccc(OCCCc2c[nH]cn2)cc1,0.10834227353334427
Nc1ccc(cc1)S(N)(=O)=O,0.3268311321735382
C1CCC(CC1)N\C(N1CCOCC1)=N\C12CC3CC(CC(C3)C1)C2,0.06312993094325066
CC[C@]12CC(=C)[C@H]3[C@@H](CCC4=CCCC[C@H]34)[C@@H]1CC[C@@]2(O)C#C,0.10907165557146073
Oc1ccc(cc1)C1(OC(=O)c2ccccc12)c1ccc(O)cc1,0.6146780967712402
CCS(=O)(=O)N1CCC[C@@H]2CN3CCc4cc(OC)ccc4[C@@H]3C[C@H]12,0.08314659744501114
O=C(CN1C2=NCCN2c2ccccc12)c1ccc(cc1)-c1ccccc1,0.5951904296875
Nc1ccc(cc1)S(=O)(=O)NC(=O)c1ccccc1,0.5020258843898773
OC(=O)CCC(=O)c1ccc(cc1)-c1ccccc1,0.42217409014701845
C[C@@H]1CCN([C@H](C1)C(O)=O)C(=O)[C@H](CCCN=C(N)N)NS(=O)(=O)c1cccc2CC(C)CNc12,0.22135722786188125
SC(=S)OC1CC2CC1C1CCCC21,0.1412378281354904
COc1ccc(cc1)\C=C\C(O)=O,0.308160138130188
Cc1ccc(cc1)S(=O)(=O)NC(=O)NN1CCCCCC1,0.15527928173542022
CC(C)S(=O)(=O)NC[C@H](C)c1ccc(cc1)-c1ccc(CCNS(C)(=O)=O)cc1,0.23893722593784333
COc1ccc2cc(ccc2c1)[C@H](C)C(O)=O,0.3973244547843933
Cc1cc(cc(C)c1CC1=NCCN1)C(C)(C)C,0.1417652115225792
C[C@]12CC[C@H]3[C@@H](CCC4=CCCC[C@H]34)[C@@H]1CC[C@@]2(O)C#C,0.10043528527021409
CCCCCCC(=O)O[C@]1(CC[C@H]2[C@@H]3CCC4=CC(=O)CC[C@@H]4[C@H]3CC[C@]12C)C#C,0.15893341302871705
Oc1ccc(cc1)\C=C\C(=O)c1ccc(O)cc1O,0.46438161134719846
Cc1ccc(cc1)S(=O)(=O)NC(=O)NN1CC2CCCC2C1,0.1687103807926178
Nc1ccccc1S(N)(=O)=O,0.34469040632247927
CC(C)=CCC[C@@](C)(C=C)\C=C\c1ccc(O)cc1,0.17481434643268584
C(CN1CCOCC1)Cc1ccc(COc2ccccc2)cc1,0.17664113640785217
CCCCNC(=O)NS(=O)(=O)c1ccc(C)cc1,0.1429014340043068
C1CN(CCO1)c1ccc(Nc2nc(cn3ccnc23)-c2ccc3cn[nH]c3c2)cc1,0.432220584154129
CCOc1ccccc1OCCN[C@H](C)Cc1ccc(OC)c(c1)S(N)(=O)=O,0.22426998913288115
CCC(CC)n1c2nc(cnc2[nH]c1=O)C#C,0.10322734192013741
C(Oc1cccc2C=CCc12)C1CNCCO1,0.16353141367435456
CN1CCCN=C1\C=C\c1cccs1,0.17831234037876129
COc1ccc(cc1)\C=C\C,0.2390567898750305
O[C@H](COP(O)(O)=O)[C@@H](O)[C@H](O)[C@@H](O)C=O,0.10199951082468033
COc1ccc(COc2ccc(CC#N)cc2)cc1,0.1945790797472
Cc1cc(c(O)c(C)c1CC1=NCCN1)C(C)(C)C,0.1169127032160759
CN1CCCN=C1COC(=O)C(O)(C1CCCCC1)c1ccccc1,0.10298019647598267
COc1ccccc1S(=O)(=O)Nc1ccc2NC(=O)N(C)Cc2c1,0.38759584426879884
N[C@@H](Cc1c[nH]c2ccccc12)C(O)=O,0.35068673491477964
Oc1ccccc1,0.25015931129455565
OC(=O)\C=C/c1c[nH]cn1,0.25931456387043
OC(=O)\C=C\c1c[nH]cn1,0.26478769481182096
OCC(CO)OP(O)(O)=O,0.09294883385300637
O=C(CC#N)c1ccccc1,0.30679327845573423
OC(=O)CCCc1c[nH]c2ccccc12,0.2791227251291275
OC(=O)c1ccccc1OP(O)(O)=O,0.41149919033050536
COc1ccc(cc1)S(=O)(=O)Nc1c(C)cc(C)cc1C,0.2836541473865509
CC(C)(C)c1ccc(cc1)S(=O)(=O)\C=C\C#N,0.24491944909095764
CNS(=O)(=O)CCc1ccc2[nH]cc(C3CCN(C)CC3)c2c1,0.11494784653186799
Cc1cc2CCCS(=O)(=O)c2cc1S(N)(=O)=O,0.16525454074144363
Oc1ccc(cc1)\C=C\c1cc(O)cc(O)c1,0.34816999435424806
N#Cc1cccc(c1)-c1c[nH]c2ncnc(N3CCOCC3)c12,0.21311304569244385
C[C@@H]1CCCN1CCc1cc2cc(ccc2o1)-c1ccc(cc1)C#N,0.22486441135406493
O=C(OCCN1CCCCC1)c1c[nH]c2ccccc12,0.13702535927295684
OC(=O)CCc1c[nH]c2ccccc12,0.31916663646697996
CC\C(c1ccc(O)cc1)=C(\CC)c1ccc(O)cc1,0.27499854266643525
Oc1ccc(CC(C#N)c2ccc(O)cc2)cc1,0.2067796766757965
COc1cc(OC)cc(C=Cc2ccc(O)cc2)c1,0.2872846156358719
Cc1ccc(cc1)S(=O)(=O)\C=C\C#N,0.2851029634475708
C1CN=C(N1)C1CCCc2ccccc12,0.15363790094852448
CCC(C)(O)C#C,0.11420728713274002
C1CN=C(N1)c1cnc2ccccc2n1,0.1681976407766342
C\C=C(c1ccc(O)cc1)\C(c1ccc(O)cc1)=C\C,0.38130584359169006
O=S1(=O)N[C@H]2CCCN2c2ccccc12,0.19597481191158295
CCOc1ccc2[nH]c(SCCN3CCOCC3)nc2c1,0.1029876708984375
Clc1ccc(cc1)N1CC(=NC1=O)N1CCOCC1,0.2526853889226913
Cc1ccc2N=C3N(CCC3(O)C(=O)c2c1)c1ccccc1,0.39784165024757384
NCc1ccc(cc1)S(N)(=O)=O,0.2293150544166565
Cc1ccc2N=C3N(CC[C@@]3(O)C(=O)c2c1)c1ccccc1,0.3828188478946686
N[C@@H](COP(O)(O)=O)C(O)=O,0.1349782645702362
COc1ccc2[nH]c(cc2c1)C(=O)c1ccccc1,0.4589163661003113
C[C@]12CCC3C(CCC4=C3CCC(=O)C4)C1CC[C@@]2(O)C#C,0.11134618520736694
CC[C@]12C=CC3=C4CCC(=O)C=C4CC[C@H]3[C@@H]1CC[C@@]2(O)C#C,0.1368886798620224
CCCC(C)C1(CC)C(=O)NC(S)=NC1=O,0.16987781524658202
CC(C(O)=O)c1cccc(Oc2ccccc2)c1,0.4113391637802124
C[C@@H]1CC2=C(CCC(=O)C2)[C@H]2CC[C@@]3(C)[C@H](CC[C@@]3(O)C#C)C12,0.11098895967006683
CC(=O)O[C@]1(CCC2C3CCC4=CC(=O)CC[C@@H]4C3CC[C@]12C)C#C,0.1556494265794754
COC1=CC(=N\C\1=C/c1[nH]c(C)cc1C)c1cc2ccccc2[nH]1,0.3634389519691467
CN\C(NCCSCc1nc[nH]c1C)=N/C#N,0.06379039511084557
C(C1=NCCN1)c1cccc2ccccc12,0.2419034332036972
CC(C)NCC(O)c1ccc(NS(C)(=O)=O)cc1,0.11981678456068039
Cc1ccc(cc1)S(N)(=O)=O,0.24975552558898925
ONC(=O)\C=C\c1cccc(c1)S(=O)(=O)Nc1ccccc1,0.5633088111877441
CC(C)Cc1ccc(cc1)[C@@H](C)C(=O)NS(C)(=O)=O,0.17374946773052216
C1CN2Cc3ccccc3N=C2C1,0.18404530882835388
CC(C)(C)C(=O)C(\NNc1ccc(Cl)cc1)=N\c1ccc(Cl)cc1,0.5499552726745606
C(C1=NCCN1)c1ccccc1,0.1407261461019516
Cc1ccc(cc1)N(CC1=NCCN1)c1cccc(O)c1,0.20783633589744568
NC(=N)N=Nc1ccc(NNC(S)=N)cc1,0.3087757766246796
CCC(=O)N(C1CCN(CCc2ccc(cc2)N=C=S)CC1)c1ccccc1,0.2792475700378418
Cc1ccc(cc1)S(=O)(=O)NC1c2ccccc2Oc2ccccc12,0.5024389445781707
CC[C@]12CC[C@H]3[C@@H](CCC4=CC(=O)CC[C@H]34)[C@@H]1CC[C@@]2(O)C#C,0.09108562469482422
CC[C@]12CCC3[C@@H](CCC4=CC(=O)CC[C@H]34)[C@@H]1CC[C@@]2(O)C#C,0.09578220844268799
CCC12CC(=C)C3C(CCC4=CC(=O)CCC34)C1CC[C@@]2(O)C#C,0.12583900094032288
OC(=O)CCc1nc2ccccc2[nH]1,0.21658340990543365
CC12CCC3C(CCC4=CC(=O)CCC34C)C1CCC2(O)C#C,0.12091118097305298
C1CN=C(N1)C1COc2ccccc2O1,0.17573677897453308
CC1N(CC2=NCCN2)Cc2ccccc12,0.14896056205034255
COc1cc2c(cc1OCCCN1CCCC1)N=C(N)C21CCC1,0.09946254789829254
OC(COc1ccccc1-c1ccccc1)CC(=N)N1CCCCC1,0.10024212747812271
CC1=Nc2ccc(Cl)cc2S(=O)(=O)N1,0.39163042306900026
CC\C(c1ccc(OP(O)(O)=O)cc1)=C(\CC)c1ccc(OP(O)(O)=O)cc1,0.5059643089771271
C[C@]12CC[C@H]3[C@@H](CCC4=CC(=O)CC[C@H]34)[C@@H]1CC[C@@]2(O)C#C,0.09308643639087677
CC[C@]12CC[C@H]3[C@@H](CCC4=CC(=O)CC[C@H]34)[C@@H]1C=C[C@@]2(O)C#C,0.10977296829223633
NS(=O)(=O)C#Cc1ccccc1,0.19705131649971008
Cc1ccc(cc1)S(=O)(=O)NCc1ccccc1,0.2174891322851181
CCCC(C)C1(CC=C)C(=O)NC(S)=NC1=O,0.1841494023799896
CN(Cc1oc2ccccc2c1C)C(=O)\C=C\C1=CNC2=NC(=O)CCC2=C1,0.33093076944351196
CN1CCC\C1=N\C(=O)Nc1c(C)cccc1C,0.13299890905618666
CCC1(Cc2ccccc2O1)C1=NCCN1,0.13836886137723922
C(N(Cc1ccccc1)c1ccccc1)C1=NCCN1,0.21550129354000092
C1CN=C(N1)c1cc2ccccc2o1,0.2324459284543991
NC(S)=NCC=C,0.16910150051116943
CN1CC[C@H](C[C@@H]1c1nc2ccccc2[nH]1)NC(=O)Nc1ccc(cc1)C#N,0.21978968977928162
CN1CCCN=C1\C=C\c1cccc(O)c1,0.1198660284280777
CC(CNS(=O)(=O)C(C)C)c1ccc(cc1)-c1ccc(cc1)C#N,0.2028397023677826
C(Oc1ccccc1C1CC1)C1=NCCN1,0.09325632750988007
CCOc1ccc(NC(C)=Nc2ccc(OCC)cc2)cc1,0.23618135452270508
CC[C@@H]1CN2C(=N1)c1[nH]c(nc1N(C)C2=O)-c1ccccc1,0.2888511061668396
N=C(NNc1ccccc1)c1ccccc1,0.35149813890457154
